ID	Field	Category	Specialty	Question	Answer
qa-668	인테리어	물리/구조	치과	치과 기계실의 적정 크기와 배치 시 고려해야 할 사항은 무엇인가요?	기계실은 컴프레서, 석션, 가스통 등 장비의 수리와 AS 접근성을 반드시 고려해야 합니다. 공간이 너무 좁으면 장비 점검이나 교체 시 위험할 수 있으므로 작업자가 충분히 움직일 수 있는 여유 공간을 확보해야 해요. 기계실 위치를 변경할 경우 인접한 진료실이나 원장실 공간에 영향을 줄 수 있으므로 전체 도면에서 균형 있게 조정하는 것이 중요합니다.
qa-669	인테리어	물리/구조	치과	치과 체어를 추가 배치할 때 진료실 폭은 얼마나 확보해야 하나요?	치과 체어 한 대당 최소 3,500mm 이상의 진료실 폭이 필요하며, 3,800mm 정도면 온전한 사이즈가 확보됩니다. 체어를 추가할 경우 기계실이나 인접 공간을 조정하여 100~200mm 단위로 공간을 확보할 수 있어요. 다만 3,500mm 미만이면 기구 배치와 진료 동선이 타이트해질 수 있으므로 뒤쪽 장 대신 옆면 수납을 활용하는 방식으로 공간 효율을 높이는 것이 좋습니다.
qa-670	인테리어	사업적 요구	공통	병원 내부에 직원 식사 공간을 별도로 분리하는 것이 좋은가요?	직원 식사 공간은 환자 대기 공간과 분리하는 것이 권장됩니다. 외부에서 식사하기 어려운 경우가 많고, 환자가 있는 공간에서 식사하는 것은 보기에 좋지 않아 별도의 분리된 공간을 두는 병원이 늘고 있어요. 창고나 기계실 재배치 시 식사 공간을 함께 계획하면 공간을 효율적으로 활용할 수 있습니다.
qa-671	인테리어	물리/구조	치과	치과 석션 장비의 적정 대수와 배치 기준은 어떻게 되나요?	석션은 보통 체어 3대당 석션 1대를 기준으로 배치하며, 9대 체어 기준으로 석션 3대면 기계실 내부에 충분히 수용 가능합니다. 가스통 대신 컴프레서를 사용하면 기계실 공간을 더 효율적으로 활용할 수 있어요. 호스 개수도 실제 사용 대수에 맞춰 조정하면 기계실 공간을 절약할 수 있습니다.
qa-672	인테리어	사업적 요구	공통	병원 설계 시 창고 공간은 어느 정도 확보해야 하나요?	수납장을 많이 설치하더라도 실제 운영 시 창고 공간이 부족하다는 의견이 대부분이므로 최대한 많이 확보하는 것이 좋습니다. 창고 문은 바깥쪽으로 열리는 구조가 물품 출입에 편리하며, 기계실이나 식사 공간 재배치 시 여유 공간을 창고로 전환하는 것도 효과적인 방법이에요.
qa-673	인테리어	물리/구조	치과	기계실과 인접한 진료실의 소음 차단을 위해 벽체를 어떻게 시공해야 하나요?	기계실 벽체는 프레임 내부에 흡음재를 꽉 채운 후 추가로 흡음재를 이중으로 부착하여 방음 성능을 확보합니다. 소음이 천장 위로 넘어가는 것을 방지하기 위해 벽체를 천장 슬래브까지 올려야 하며, 미닫이문 대신 일반 문을 설치하는 것이 방음에 유리해요. 다만 소방 관련 법령에 따라 건물별로 벽체 시공 기준이 다를 수 있으므로 사전 확인이 필요합니다.
qa-674	인테리어	법규/규제	공통	상업용 건물에서 인테리어 공사 시 건물 측 제재 사항은 어떤 것들이 있나요?	건물에 따라 코아 작업(바닥 뚫기), 소방 설비 변경, 에어컨 배관 설치 등에 제한이 있을 수 있습니다. 이전 입주 업체의 시공 사고로 인해 규제가 추가되는 경우도 있어 건물 관리소장과 사전 협의가 필수적이에요. 코아 작업이 불가한 경우 화장실 배수는 펌프를 활용하여 위로 올리는 방식으로 대체할 수 있으며, 에어컨 팀 등 각 설비 업체와 건물 간 별도 협의가 필요합니다.
qa-675	인테리어	업계 표준	공통	인테리어 도면 수정은 어느 시점까지 가능한가요?	도면의 세부 수정은 먹줄(시공 기준선 표시) 직전까지 가능합니다. 먹줄을 튕긴 후 현장에서 실제 공간을 걸어보고 나서 최종 조정을 하는 방법도 있어요. 다만 메인 구조(배관, 전기, 설비 위치 등)는 초기에 확정되어야 하므로 부수적인 공간 변경만 후반 수정이 가능하다고 보시면 됩니다.
qa-676	인테리어	업계 표준	공통	병원 내부 다운라이트 조명의 적정 크기와 종류는 어떻게 선택하나요?	현재 병원 인테리어에서는 할로겐 대신 LED 조명이 표준이며, 복도나 대기실에는 3인치 소형 다운라이트, 진료실에는 6인치 대형 다운라이트를 사용하는 것이 일반적입니다. 옛날 할로겐 전구는 더 이상 사용하지 않으며 LED 할로겐 타입으로 대체되어 에너지 효율과 수명이 크게 개선되었어요. 라인 조명과 간접등도 모두 LED 기반으로 시공합니다.
qa-677	인테리어	업계 표준	치과	치과 진료실의 조명 색온도는 몇 K로 설정하는 것이 좋은가요?	최근 추세는 진료실 전체를 4,000K 중간색으로 통일하는 경우가 많습니다. 예전에는 치아 색상 확인을 위해 5,500K 이상의 백색을 사용했지만, 요즘은 디지털 포토 촬영으로 색상을 확인하기 때문에 중간 색온도로도 충분해요. 간접 조명은 3,000K 정도의 따뜻한 톤을 적용하면 진료실과 자연스러운 조화를 이룰 수 있으며, 마감재 색상이 도드라져 보이는 것도 방지할 수 있습니다.
qa-678	인테리어	업체 솔루션	공통	병원 대기실에 홍보용 모니터를 설치할 때 효과적인 위치와 크기는 어떻게 되나요?	대기실 벽면에 50인치 TV를 브라켓으로 매립 설치하면 깔끔한 디자인을 유지하면서 의료진 약력이나 병원 안내를 표시할 수 있습니다. 이벤트나 전후 사진 등 마케팅 콘텐츠는 벽면 고정보다 LG 이동식 스탠드 모니터를 활용하여 환자 시선이 집중되는 위치에 배치하는 것이 광고 효과가 더 높아요. 벽면에 모니터를 두 대 이상 설치하면 디자인적으로 산만해질 수 있으므로 고정 1대 + 이동식 1대 조합이 효율적입니다.
qa-679	인테리어	업계 표준	공통	병원에 정수기를 설치할 때 얼음 기능이 있는 모델을 선택해도 되나요?	소형 정수기의 얼음 기능은 한 번 뽑으면 재생산까지 약 15분이 걸려 실제 운영 시 수요를 감당하지 못하는 경우가 많습니다. 얼음을 자주 사용하신다면 준비실에 스탠드형 대용량 정수기를 설치하는 것이 실용적이에요. 대기실에는 소형 냉온수 정수기만 두고, 직원용은 준비실이나 원장실에 별도로 배치하여 2~3대로 분리 운영하는 것이 일반적입니다.
qa-680	인테리어	물리/구조	공통	정수기 설치 시 바닥 배수가 없는 경우 배수 처리는 어떻게 하나요?	최근에는 우레탄 호스 두 개를 정수기에 연결하여 펌프 방식으로 배수를 처리하기 때문에 바닥에 별도의 배수구가 없어도 설치가 가능합니다. 호스가 펌프를 통해 폐수를 자동으로 배출해주므로 정수기 위치를 자유롭게 선정할 수 있어요. 다만 얼음 기능이 있는 정수기는 녹은 물의 배수량이 많아 별도 배수 확인이 필요합니다.
qa-681	인테리어	개인(원장님) 선호	공통	병원 인포메이션 데스크를 독립형으로 설계할 때 장점과 주의할 점은 무엇인가요?	인포데스크를 벽면에서 분리하여 독립형으로 설치하면 하나의 유닛처럼 깔끔한 인상을 줄 수 있습니다. 다만 배관을 바닥 아래로 매립해야 하므로 시공 난이도와 비용이 높아질 수 있어요. 모서리에 곡선 처리를 적용하면 부드러운 인상을 주면서 전체적인 디자인 통일감도 확보할 수 있으며, 마감재는 인조 대리석이나 칸스톤 등으로 2차 마감재 미팅 시 다양한 옵션을 비교해보는 것이 좋습니다.
qa-682	인테리어	개인(원장님) 선호	공통	대기실이 차갑게 느껴질 때 따뜻한 분위기를 연출하려면 어떻게 해야 하나요?	하얀색 위주의 마감재로 차가운 느낌이 든다면 밝은 아이보리 톤이나 선이 들어간 대리석 계열로 변경하면 따뜻한 분위기를 연출할 수 있습니다. 간접 조명과 천장 조명이 실제로 켜지면 렌더링 이미지보다 훨씬 따뜻하게 보이는 경우가 많아요. 구조적인 변경 없이 마감재만 교체하는 것은 시공 후반에도 가능하므로 2차 마감재 미팅에서 실물 샘플을 직접 비교해보시는 것을 권장합니다.
qa-683	의료기기	업계 표준	치과	치과 구강 사진 촬영용 리트랙터는 어떤 사이즈를 준비해야 하나요?	구강 사진 촬영용 리트랙터는 라지, 미디움, 스몰 세 가지 사이즈가 있으며 보통 두 개씩 세트로 구성됩니다. 성인 환자는 라지와 미디움을 주로 사용하고, 스몰은 완전 소아용으로 매우 작은 사이즈예요. 측면 사진 촬영용 리트랙터도 미디움과 스몰이 있으며, 스몰은 악궁이 작은 환자에게 사용하므로 개원 시 모든 사이즈를 구비해두는 것이 좋습니다.
qa-684	의료기기	업계 표준	치과	치과 프로빙 기구는 체어 수 대비 몇 개 정도 준비하면 되나요?	프로빙을 루틴하게 시행하지 않는 경우 체어 9대 기준으로 4개 정도면 충분합니다. 1부터 15까지 눈금이 있는 가장 촘촘한 타입이 범용성이 높아 추천되며, 잦은 사용이 예상되면 체어 수의 절반 이상으로 준비하는 것이 좋아요. 멸균 회전을 고려하여 여유분을 두고 주문하시면 됩니다.
qa-685	의료기기	업계 표준	치과	그레이시 큐렛은 어떤 번호를 몇 개씩 준비해야 하나요?	그레이시 큐렛은 1/2번을 3개, 11/12번과 13/14번을 각 5개씩 준비하는 것이 일반적입니다. 1/2번은 전치부에 가끔 사용하므로 상대적으로 적게 구비하고, 11/12와 13/14는 구치부에서 자주 사용해 넉넉히 준비해요. 미니파이브 큐렛이나 임플란트 전용 큐렛은 개원 초기에는 생략하고 필요 시 추가 구매하셔도 됩니다.
qa-686	의료기기	업체 솔루션	치과	치과 스케일러 팁은 체어 구매 시 기본으로 포함되어 있나요?	체어를 구매하면 스케일러 팁이 보통 두 개씩 기본 포함되어 있습니다. 개원 초기에는 기본 제공되는 팁으로 충분하며, 사용하면서 마모되거나 추가 종류가 필요할 때 별도로 주문하시면 됩니다. 시클 스케일러는 전치부용으로 3개 정도 준비해두면 적당해요.
qa-687	의료기기	업체 솔루션	치과	치과 레진 수복 기구를 선택할 때 어떤 점을 고려해야 하나요?	레진 수복 기구는 한쪽이 팩커 형태, 다른 쪽이 다용도로 사용 가능한 양면 기구가 효율적입니다. 코드 삽입용으로도 활용하려면 타사 대비 얇은 전용 제품도 있으며, 전치부 프록시말 작업에는 11번 타입이 적합해요. 수복기는 브랜드별로 다양하므로 개원 초기에는 1~2개만 구비하고 사용감을 확인한 후 추가 구매하는 것이 합리적입니다. 개당 약 23,000원 수준으로 비교적 저렴합니다.
qa-688	의료기기	업계 표준	치과	치과 인상용 트레이는 사이즈별로 몇 개씩 준비해야 하나요?	인상용 트레이는 라지와 미디움을 각 5개씩, 엑스트라 라지와 스몰은 각 2개씩 준비하는 것이 적당합니다. 상악과 하악을 구분하여 넣어야 하며, 파셜 트레이는 구치부까지 하나씩 구비하면 됩니다. 소아용은 교정 기공물 제작에 필요하므로 한 세트는 반드시 확보해두세요. 디지털 인상(아이테로 등)을 병행하더라도 기존 트레이는 넉넉히 준비하는 것이 좋습니다.
qa-689	의료기기	업계 표준	치과	치과 엘리베이터는 어떤 종류와 사이즈를 준비해야 하나요?	엘리베이터는 가장 많이 사용하는 스트레이트 타입 기준으로 301A, 34, 큰 사이즈 커브드 세 종류를 두 세트씩 준비하면 수술방 운영에 적합합니다. 끝이 살짝 꺾인 커브드 타입이 사용 편의성이 좋다는 평가가 많으며, 루트 피커도 꺾인 형태로 하나씩 구비하시면 됩니다. 럭세이터는 별도 품목이므로 개원 초기에는 생략하고 필요 시 추가해도 무방합니다.
qa-690	의료기기	업계 표준	치과	치과 포셉(겸자)은 비크가 있는 것과 없는 것 중 어떤 걸 선택해야 하나요?	대구치용 포셉은 비크(돌기)가 없는 타입이 일반적으로 더 많이 사용됩니다. 비크가 있으면 좌우를 구분해서 써야 하는 번거로움이 있어 범용성이 떨어져요. 전치부 포셉 1개, 대구치 상하악 각 2개, 소구치 상하악 각 2개, 루트 포셉 상하악 각 1개 정도가 기본 구성이며, 소아용은 손에 숨길 수 있는 소형 타입을 선택하면 아이들의 공포감을 줄일 수 있습니다.
qa-691	의료기기	업체 솔루션	치과	치과 니들 홀더는 어떤 브랜드를 선택하는 것이 좋은가요?	니들 홀더는 가격대에 따라 오성(약 10만 원), 아트리아(약 20만 원), 슈베르트(약 23만 원), 후프리디(약 30만 원) 순으로 선택할 수 있습니다. 금장 처리된 제품이 이음새 부분에 실이 덜 끼며, 텅스텐 카바이드 처리가 되어 있으면 내구성이 좋아요. 수술 세트에는 고급 브랜드(아트리아 이상)를, 일반 진료용으로는 오성 은장 같은 합리적인 제품을 혼용하는 것이 비용 효율적입니다.
qa-692	의료기기	사업적 요구	치과	치과 개원 시 기구 구매는 개원 특가 시점에 한꺼번에 하는 것이 유리한가요?	개원 특가가 적용되는 품목은 해당 시점에 구매하는 것이 가장 저렴합니다. 다만 사용 빈도가 불확실한 특수 기구(미니 큐렛, 럭세이터, 샤프닝 스톤 등)는 개원 후 필요 시 개별 구매해도 가격이 동일한 경우가 많아요. 기본적으로 체어마다 필요한 기구(스토퍼, 교합지 홀더, 디스펜서 등)는 초기에 충분히 확보하고, 수술용 특수 기구는 최소 수량만 먼저 세팅하는 것이 합리적입니다.
qa-693	의료기기	업계 표준	치과	치과 수술 세트에 기본적으로 포함해야 하는 기구는 무엇인가요?	수술 세트에는 니들 홀더, 딘 시저, 페리오스틸 엘리베이터(몰트9, 셀딘), 석션 팁(4mm 수술용), 본 큐렛(3mm 커브드), 스칼펠 핸들, 메탈 컵, 미네소타 리트랙터가 기본으로 포함됩니다. 수술방 2개 기준으로 각 기구를 두 개씩 준비하면 오전오후 수술 시 멸균 회전이 가능해요. 본 파일이나 본 론저는 사용 빈도에 따라 추가 구비하시면 됩니다.
qa-694	의료기기	업계 표준	치과	치과 석션 팁은 어떤 사이즈를 몇 개 준비해야 하나요?	일반 진료용으로는 6mm 라운드 타입을 체어 수에 맞춰 넉넉히 준비하고, 수술용으로는 4mm 소형 석션 팁을 약 10개 정도 별도로 구비합니다. 라운드형은 끝이 둥글어 범용성이 높고, 수술용 플랫 타입은 끝에 살짝 각이 져 있어 정밀한 흡인이 가능해요. 연장 석션 팁이나 석션 클램프는 개원 초기에는 생략하고 필요 시 추가하는 것이 일반적입니다.
qa-695	의료기기	업체 솔루션	치과	치과 기구 카세트 사용과 개별 관리 중 어떤 방식이 좋은가요?	카세트는 기구를 세트로 정리하여 멸균할 수 있어 관리 효율성이 높지만 멸균 시 소음이 발생하는 단점이 있습니다. 8구짜리 카세트가 기본 세트에 적합하며 10장 단위로 판매돼요. 소음에 민감하다면 최소 수량만 구매하고 개별 파우치 멸균 방식과 병행하여 사용하는 것도 방법입니다.
qa-696	의료기기	업계 표준	치과	치과 체어별로 반드시 비치해야 하는 기본 기구는 무엇인가요?	체어마다 기본적으로 비치해야 하는 기구로는 스토퍼, 교합지 홀더(2개), 코튼 펠렛 디스펜서, 아이리스 시저, 마취용 시린지가 있습니다. 수술방을 제외한 일반 진료실 체어 기준으로 세팅하며, 코튼볼과 거즈용 손통(1호)도 체어마다 하나씩 배치하는 것이 좋아요. 그 외 전문 기구(헤모스타트, 니들 홀더 등)는 카트에 2~3개만 공용으로 비치해도 충분합니다.
qa-697	의료기기	업계 표준	치과	치과 러버댐 관련 기구는 어떤 것들을 준비해야 하나요?	러버댐 세트는 펀처, 클램프, 프레임, 시트로 구성됩니다. 펀처는 가장 잘 뚫리는 제품으로 선택하고, 클램프는 사용 빈도가 높은 201번을 2개 정도 준비하면 됩니다. 프레임은 성인용과 소아용 각 2개씩, 시트도 성인소아 각 1박스씩 구비하세요. 소아 시트가 없으면 성인용을 잘라 사용할 수도 있지만 소아 진료가 예상되면 별도 준비하는 것이 편리합니다.
qa-698	인테리어	법규/규제	공통	병원 인테리어에서 천장 높이는 어느 정도가 적당한가요?	병원 인테리어에서는 천장 높이 2,800mm가 미적기능적으로 가장 추천됩니다. 원래 건물 천고가 높더라도 시공 천장과 상단 슬래브 사이 공간이 1m를 넘으면 소방 스프링클러 규정이 달라져 추가 비용이 발생할 수 있어요. 또한 천장이 너무 높으면 면적이 오히려 작아 보이고 휑한 느낌을 줄 수 있으므로 적정 높이를 유지하는 것이 좋습니다.
qa-699	인테리어	개인(원장님) 선호	공통	병원 천장 디자인에서 곡선형 등 박스는 어떤 효과가 있나요?	천장에 곡선형 등 박스를 설치하면 직각으로 떨어지는 긴 동선에 동적인 운동감을 줘 공간이 넓어 보이면서도 아늑한 느낌을 극대화할 수 있습니다. 간접 조명과 함께 설계하면 디자인적 요소와 조명 효과를 동시에 얻을 수 있어요. 곡선 작업은 시공 난이도가 있지만 견적에 천장 조명 비용까지 포함시키는 업체도 있으므로 사전에 확인하는 것이 좋습니다.
qa-700	인테리어	업계 표준	공통	병원 대기실 바닥재는 어떤 소재를 사용하는 것이 좋은가요?	대기실과 복도 등 환자 통행이 많은 구간은 미끄러움 방지를 위해 포세린 타일을 사용하는 것이 안전합니다. 진료실이나 관리실 등 내부 공간은 데코 타일로 구성하면 시공비를 절감하면서도 관리가 용이해요. 바닥 시멘트 작업(방통)은 깊이에 따라 비용이 달라지므로 인테리어 견적과 별도로 분류하여 비교하는 것이 좋습니다.
qa-701	인테리어	업체 솔루션	공통	병원 대기실 가구의 하부 구조는 어떻게 설계하는 것이 좋은가요?	대기실 소파나 벤치의 하부는 대리석 단으로 마감하고 내부를 철제로 보강하면 무거운 하중을 안정적으로 지탱할 수 있습니다. 이렇게 설계하면 상단 쿠션만 교체하면 반영구적으로 사용할 수 있어 장기 유지비를 절감할 수 있어요. 쿠션과 개별 의자만 별도로 선택하면 되므로 인테리어 업체에 하부 구조물 제작까지 맡기는 것이 효율적입니다.
qa-702	인테리어	물리/구조	공통	병원 대기실에 TV를 매립 설치하면 벽이 두꺼워지지 않나요?	요즘 TV는 매우 얇아져서 벽 매립 시에도 벽 두께에 큰 지장을 주지 않습니다. 대기실 폭이 3,600mm 정도라면 55인치가 공간 균형에 가장 적당하며, 너무 크면 오히려 부담스러울 수 있어요. 병원 홍보용으로 사용하실 경우 별도 IPTV 가입 없이 USB나 미디어 플레이어로 콘텐츠를 재생하는 방식이 일반적입니다.
qa-703	인테리어	사업적 요구	공통	인테리어 견적에서 천장 공사비가 포함되어 있는지 꼭 확인해야 하나요?	네, 반드시 확인해야 합니다. 일부 업체는 평당 단가를 낮춰 보이기 위해 천장 공사비를 별도로 분리하는 경우가 있어요. 천장 모양 작업과 간접 조명 비용이 포함된 금액인지 확인하고, 바닥 방통 작업과 냉난방기, 간판 비용은 통상적으로 별도이므로 총 비용을 비교할 때 동일한 항목 기준으로 맞춰서 보는 것이 중요합니다.
qa-704	인테리어	물리/구조	공통	병원 진료실 파티션을 유리로 마감하면 어떤 장단점이 있나요?	유리 파티션은 개방감을 주면서도 공간 분리가 가능한 장점이 있습니다. 불투명 유리에 그라데이션 효과를 주면 세련된 느낌과 함께 적절한 시선 차단도 가능해요. 다만 콘센트 배치 시 미백 등 다양한 시술을 위해 파티션 양쪽 모두에 설치하는 것이 일반적이며, 기구 사용을 위한 전원 위치도 사전에 계획해야 합니다.
qa-705	인테리어	업계 표준	공통	병원 인테리어 공사 기간은 보통 얼마나 걸리나요?	계약 후 건물 협의 및 자재 준비에 약 10일, 이후 실질적인 공사 기간은 약 40~45일 정도 소요됩니다. 먹줄을 튕겨 실제 공간을 확인한 뒤 본 공사가 시작되며, 겨울철에는 바닥 양생 시간이 추가로 필요해 열풍기를 사용하여 하자를 최소화해야 해요. 명절이 포함된 경우 일정이 더 길어질 수 있으므로 여유를 두고 계획하는 것이 좋습니다.
qa-706	인테리어	업체 솔루션	공통	병원 입구 자동문은 어떤 디자인이 좋은가요?	자동문은 안전을 위해 하단에만 그라데이션 처리를 하고 상단은 시야를 확보하는 디자인이 일반적입니다. 기존 스탠(은색) 프레임이 인테리어와 맞지 않다면 화이트 시트지로 마감하여 깔끔하게 변경할 수 있어요. 기존 유리만 철거한 뒤 자동문 박스를 안착시키는 방식으로 시공하면 비용을 절약하면서도 세련된 외관을 만들 수 있습니다.
qa-707	인테리어	업체 솔루션	공통	병원 내부 사인물(안내 표시)은 인테리어 업체와 간판 업체 중 어디에서 제작하는 것이 좋은가요?	내부 사인물은 인테리어 업체에서 직접 디자인하고 제작하는 것이 병원 내부 공간과의 조화를 이루는 데 유리합니다. 간판 업체는 외부 간판에 특화되어 있어 내부 인테리어 컨셉과 맞지 않을 수 있어요. 인테리어 업체가 시안을 제작한 뒤 원장님 컨펌 후 진행하면 전체적인 통일감 있는 공간을 완성할 수 있습니다.
qa-708	인테리어	업체 솔루션	공통	대기업(오스템 등) 인테리어와 로컬 전문 인테리어 업체의 차이점은 무엇인가요?	대기업 인테리어는 브랜드 신뢰도가 있지만 담당자 교체나 소통의 한계가 있을 수 있습니다. 반면 로컬 전문 업체는 대표가 설계부터 시공, 사후 AS까지 직접 책임지므로 디테일한 요구사항 반영이 수월해요. 붙박이 가구를 자체 제작하는 업체라면 비용이 더 합리적일 수 있으며, 갤러리 풍 디자인 등 세밀한 취향 반영이 필요한 경우 소통이 원활한 업체를 선택하는 것이 유리합니다.
qa-709	인테리어	물리/구조	공통	병원 준비실에 포함해야 할 필수 설비는 무엇인가요?	준비실에는 오토클레이브(멸균기), 세탁기, 건조기, 오픈장이 기본 설비로 포함됩니다. 직원 휴게 공간도 함께 배치하면 동선 효율이 높아져요. 준비실 동선은 인포메이션과 별도로 분리하여 환자 동선과 겹치지 않도록 설계하는 것이 위생 관리와 업무 효율 면에서 중요합니다.
qa-710	인테리어	물리/구조	공통	병원 상담실 크기와 문 사이즈는 어떻게 설정하는 것이 좋은가요?	상담실 깊이는 2,450mm 정도로 넉넉하게 잡으면 문 사이즈가 900mm로 커져도 내부 사용에 무리가 없습니다. 계약 면적과 실제 측정 면적 사이에 150~200mm 정도 미세한 차이가 발생할 수 있지만 디자인상 큰 영향은 없어요. 면적 기준이 창문인지 문인지에 따라 공간 구획이 달라질 수 있으므로 계약 전 정확한 측정 기준을 확인하는 것이 좋습니다.
qa-711	인테리어	업체 솔루션	공통	병원 수납 공간 문에 특수 경첩을 사용하면 어떤 장점이 있나요?	밀면 저절로 닫히는 특수 경첩을 수납 공간 문에 적용하면 대기실에서 내부가 보이지 않도록 자동으로 닫히는 효과를 얻을 수 있습니다. 상부장에는 터치식 압력 문짝을 사용하면 손잡이 없이 깔끔한 외관을 유지하면서도 사용 편의성이 높아져요. 티슈나 소독 용품을 매립형으로 수납하면 전체적으로 정돈된 인상을 줄 수 있습니다.
qa-712	인테리어	업계 표준	공통	병원 인테리어에서 대기 공간의 따뜻한 분위기를 연출하는 최신 트렌드는 무엇인가요?	최근 트렌드로는 시폰 커튼을 활용하여 따뜻하고 부드러운 분위기를 연출하는 방법이 인기입니다. 서비스 테이블 하단에 매립형 쓰레기통을 배치하면 깔끔함을 유지할 수 있고, 남는 공간에 락카를 배치해 수납 효율을 높이는 것도 좋아요. 메이크업실 구조를 곡선으로 변경하면 대기 공간을 더 넓게 활용하면서 세련된 디자인 효과를 줄 수 있습니다.
qa-713	인테리어	사업적 요구	공통	병원 인테리어 총 비용과 평당 단가는 보통 어느 정도인가요?	50평대 병원 인테리어 기준으로 총 비용은 약 1억 1,000~1억 2,000만 원 수준이며, 평당 단가로 환산하면 약 230만 원 내외입니다. 이 금액에는 천장 공사, 붙박이 가구 제작, 대리석 가구 하부 보강 등이 포함되지만, 전기 승압, 냉난방기, 가전, 간판, 인허가 비용은 별도예요. 업체 간 견적 비교 시 포함 항목을 동일하게 맞춰 비교하는 것이 중요합니다.
qa-714	인테리어	사업적 요구	공통	병원 인테리어 계약 시 대금 지불 비율은 어떻게 되나요?	일반적으로 선급금, 1차 기성금, 2차 기성금, 잔금을 3:3:3:1 비율로 나눠 지급하는 방식이 많습니다. 선급금은 계약 시, 기성금은 공사 진행률에 따라, 잔금은 준공 후 지급해요. 무상 AS 1년이 기본이며, 지인을 소개할 때마다 AS 기간이 1년씩 연장되는 서비스를 제공하는 업체도 있으므로 계약 전 AS 조건을 꼭 확인하세요.
qa-715	인테리어	업체 솔루션	공통	병원 모바일 카트는 인테리어 업체에서 제작하는 것이 좋은가요?	모바일 카트는 원장님마다 선호도가 달라 인테리어 견적에 포함되지 않는 경우가 많습니다. 인테리어 업체에 직접 제작 의뢰하면 대당 약 27만 원 정도이며, 임플란트 패키지 구매 시 포함되는 경우도 있어요. 병원 내부 마감재와 통일감 있게 제작하려면 인테리어 업체에 맞춤 의뢰하는 것이 좋고, 기성품을 활용하면 비용을 절감할 수 있습니다.
qa-716	인테리어	개인(원장님) 선호	공통	병원 진료실에 롤 스크린을 설치할 때 어떤 색상이 적합한가요?	병원 진료실 롤 스크린은 때가 덜 타는 밝은 회색이나 화이트를 가장 많이 사용합니다. 롤 스크린이나 커튼을 설치하면 유리 파티션에 부드러운 느낌을 더해 환자에게 편안한 인상을 줄 수 있어요. 관리 편의성을 고려하면 방염 처리된 소재를 선택하는 것이 좋으며, 진료실 컨셉에 맞춰 톤을 통일하면 전체적인 디자인 완성도가 높아집니다.
qa-717	인테리어	물리/구조	공통	병원 세면대는 조적형, 탑볼형, 매립형 중 어떤 것이 좋은가요?	조적 세면대는 디자인은 좋지만 물이 닿는 부분에 곰팡이가 생길 수 있어 관리가 번거롭습니다. 유지 관리가 편한 낮은 탑볼 형태나 매립형 세면대가 병원 환경에 더 적합해요. 특히 수전 부분에 대리석을 사용하면 고급스러운 느낌을 줄 수 있으며, 청소와 소독이 용이한 소재를 선택하는 것이 위생 관리에 유리합니다.
qa-718	인테리어	업계 표준	공통	병원 대기실 벽면을 도장과 도배 중 어떤 것으로 마감하는 것이 좋은가요?	대기실 벽면은 도장 느낌이 나는 특수 도배로 마감하면 미관과 유지 관리를 모두 잡을 수 있습니다. 일반 도장은 흠집이나 오염 시 부분 보수가 어렵지만, 특수 도배는 해당 부분만 교체할 수 있어 보수가 훨씬 간편해요. 진료실과 관리실은 알코올 소독이 가능한 필름 재질로 마감하면 위생 관리에 유리합니다.
qa-719	인테리어	법규/규제	공통	인테리어 업체 선정 시 건설업 면허 보유 여부가 중요한가요?	건설업 면허가 있는 업체는 산재보험과 고용보험에 필수로 가입해야 하므로 공사 중 사고 발생 시 법적 보호를 받을 수 있습니다. 면허 없이 시공하는 업체는 보험 미가입으로 사고 시 원장님에게 책임이 전가될 위험이 있어요. 또한 면허 업체는 배관에 내구성이 좋은 에이콘 배관 등 검증된 자재를 사용하는 경우가 많아 시공 품질 면에서도 유리합니다.
qa-720	인테리어	업체 솔루션	공통	병원 인테리어에서 히든 도어(숨겨진 문)는 어디에 활용하면 좋은가요?	히든 도어는 대기실에서 스텝 전용 공간이 보이지 않도록 할 때 효과적입니다. 밀면 저절로 닫히는 구조로 설계하면 직원이 출입할 때 환자에게 내부가 노출되는 것을 방지할 수 있어요. 벽면과 동일한 마감재로 처리하면 문의 존재 자체가 드러나지 않아 깔끔한 공간 연출이 가능하며, 수납 공간 문에도 동일한 방식을 적용할 수 있습니다.
qa-721	인테리어	업계 표준	공통	병원 인테리어 결정부터 오픈까지 총 소요 기간은 얼마인가요?	인테리어 결정부터 오픈까지 약 55일 정도의 여유를 두시는 것이 좋습니다. 계약 후 건물 협의와 자재 준비에 약 10일, 실제 시공에 40~45일이 소요됩니다. 겨울철에는 바닥 양생에 시간이 더 필요하며, 명절이 포함되면 일정이 추가로 늘어날 수 있어요. 의료기기 설치, 인허가 등 후속 작업까지 고려하면 여유 있게 2개월 정도 계획하시는 것을 권장합니다.
qa-722	인테리어	사업적 요구	공통	병원 인테리어 견적에서 별도 항목으로 빠지는 비용은 무엇인가요?	인테리어 견적에서 통상적으로 별도로 분류되는 항목은 전기 승압 비용, 냉난방기, 가전제품, 간판, 바닥 방통(시멘트) 작업, 인허가 비용입니다. 천장 공사비가 포함인지 별도인지는 업체마다 다르므로 반드시 확인하세요. 모바일 카트, 개별 의자, 소파 쿠션 등 가구류도 별도인 경우가 많으며, 총 예산을 산정할 때 이러한 부대 비용까지 포함하여 계획해야 합니다.
qa-723	인테리어	물리/구조	공통	병원 진료실 체어 파티션 높이는 어느 정도가 적당한가요?	체어 파티션 구조물은 천장까지 올리되, 유리 부분은 2,600mm 정도로 시공하면 시원한 개방감을 살리면서도 적절한 프라이버시를 확보할 수 있습니다. 유리 상단과 천장 사이에 여백을 두면 공간이 답답해 보이지 않으며, 불투명 또는 그라데이션 유리를 사용하면 세련된 느낌과 시선 차단 효과를 동시에 얻을 수 있어요.
qa-724	인테리어	사업적 요구	공통	병원 개원 준비 시 가장 먼저 결정해야 하는 것은 무엇인가요?	가장 먼저 인테리어 업체를 선정하고, 이와 맞물려 간판과 홈페이지를 함께 진행하는 것이 좋습니다. 이 세 가지를 우선 결정한 뒤 장비 선정으로 넘어가세요. 최대한 빨리 많은 항목을 결정해 놓으면 후반부가 편해지며, 개원 전후 약 15일이 가장 바쁜 시기이므로 사전에 여유 있게 준비하는 것이 중요합니다.
qa-725	인테리어	업계 표준	공통	인테리어 공사 중 여행을 가도 괜찮은 시기는 언제인가요?	인테리어 착공 후 먹줄 미팅에서 공간감을 직접 확인하고 시공 컨펌을 한 이후에 여행을 가시는 것이 좋습니다. 먹줄 잡는 시점은 보통 착공 후 1~3일 이내이며, 컨펌 후에는 원장님이 현장에서 하실 일이 당분간 없어요. 다만 마감재 미팅 일정을 여행 전후로 조율해야 하며, 플래너에게 일정을 미리 공유하면 대리인 서명 등으로 대응이 가능합니다.
qa-726	노무	사업적 요구	치과	치과 직원 채용 공고는 어디에 올려야 하나요?	치과 직원 채용은 덴탈잡 한 곳에만 공고를 내시면 충분합니다. 다른 채용 플랫폼에 중복으로 올려도 실제 지원자는 거의 없으므로 비용만 낭비될 수 있어요. 인터뷰는 하루를 정해 여러 명을 연달아 보는 방식이 효율적이며, 주변 치과에서 근무했던 지원자는 안 뽑더라도 면접을 보면 해당 지역 원장님 성향 등 유용한 정보를 얻을 수 있습니다.
qa-727	인테리어	법규/규제	공통	병원 개설 신고 절차는 어떻게 진행되나요?	개설 신고는 준공일 10일 전에 보건소에 서류를 접수하며, 주무관이 원장님 직접 방문을 선호하므로 동행하는 것이 좋습니다. 이후 소방 점검과 주무관 실사를 거치는데, 실사 시 오토클레이브 등 장비가 세팅되어 있어야 하며 인테리어도 거의 완료 상태여야 해요. 실사 통과 후 당일 또는 다음 날 개설 신고증이 발급되며, 이후 요양기관 기호 확정과 공단심평원 가입을 진행합니다.
qa-728	노무	사업적 요구	공통	병원 개원 시 세무대리인과 노무사 중 누구를 먼저 선임해야 하나요?	세무대리인은 필수이며 최소 3곳 이상 상담 후 비교하여 선정하는 것이 좋습니다. 노무사는 직원 5인 이하일 경우 세무사가 급여 대장 등 기본적인 노무 서비스를 겸해줄 수 있으므로 필수는 아니지만, 미팅은 한번 해보시길 권합니다. 빈번한 노동청 신고 사례나 근로계약서 작성 팁 등 사전에 알아두면 유용한 정보를 얻을 수 있어요.
qa-729	노무	법규/규제	공통	병원 직원 관리에서 노무사가 필요한 상황은 어떤 경우인가요?	직원 퇴사 시 선불 정산 문제, 노동청 신고, 근로계약서 분쟁 등이 발생하면 노무사의 도움이 필요합니다. 특히 치과는 치위생사 이직이 잦아 이로 인한 노동 분쟁이 빈번하게 발생해요. 노무사를 선임해 두면 채용퇴사 시 방어적 서류를 미리 준비할 수 있고, 문제 발생 시 진술서 작성 등 대응을 맡길 수 있습니다. 비용은 세무대리인 수준으로 높지 않습니다.
qa-730	인테리어	업계 표준	공통	준공일부터 개원일까지 최소 얼마의 기간을 두어야 하나요?	준공 청소 완료 후 최소 1주일, 여유 있게는 2주 정도를 두는 것이 좋습니다. 이 기간에 장비 세팅(약 4일), 장비 교육, 직원 합류 및 동선 교육, 가오픈 시뮬레이션이 필요해요. 내부 사인물(실 표기, 약력, 협력 병원 안내 등)도 준공 이후에 부착하며, 가오픈에서 실제 환자를 받아보며 장단점을 파악한 후 그랜드 오픈을 진행하는 것이 안정적입니다.
qa-731	인테리어	업계 표준	공통	가오픈과 그랜드 오픈은 어떻게 구분하여 진행하나요?	가오픈은 정식 개원 전에 직원들과 실제 진료 시뮬레이션을 해보는 단계로, 이때도 환자가 방문하는 경우가 있습니다. 가오픈을 통해 동선, 장비 사용, 접수 프로세스 등의 장단점을 파악한 후 보완하여 그랜드 오픈을 진행하면 안정적인 시작이 가능해요. 보통 가오픈 후 3~5일 정도 뒤에 그랜드 오픈을 설정하며, 직원 교육 기간까지 포함하면 준공 후 약 2주가 적정 기간입니다.
qa-732	인테리어	물리/구조	공통	인테리어 도면에 사전에 반영해야 하는 가전장비 항목은 무엇인가요?	도면에는 냉장고 사이즈, 원장실 가구 배치, 대기실 DID(디지털 디스플레이) 위치, TV 매립 또는 천장 부착 여부, 컴퓨터 배치 위치를 사전에 반영해야 합니다. 사이즈에 따라 설계가 달라지므로 가전 구매 전에 모델을 미리 선정하여 인테리어 업체와 공유하는 것이 중요해요. 결정만 원장님이 하시면 중간 조율은 플래너가 진행합니다.
qa-733	노무	사업적 요구	공통	병원 개원 시 직원 채용은 언제부터 시작해야 하나요?	인테리어 공사 시작과 동시에 채용 공고를 올리고 이력서를 모으기 시작하는 것이 좋습니다. 면접은 이력서가 충분히 모인 후 하루를 잡아 연속으로 진행하면 효율적이에요. 직원은 준공일 기준으로 출근 시작하여 세팅과 교육에 참여해야 하므로, 최소 준공 1~2주 전에는 채용을 완료해 놓는 것이 안전합니다.
qa-734	인테리어	법규/규제	공통	병원 개설 신고증 발급 후 진료 준비를 위해 해야 할 후속 절차는 무엇인가요?	개설 신고증 발급 후 지급계좌 신청을 하면 요양기관 기호가 확정되며, 이후 국민건강보험공단과 심평원에 가입합니다. 보건소 방문 시 병원용 공동인증서를 발급받아 수진자 조회 시스템에 등록하면 진료 준비가 완료돼요. EMR(예: 덴트웹) 설치와 카드 단말기 신청도 이 시기에 함께 진행하며, 카드 단말기는 한 업체로 통일하는 것이 관리에 편리합니다.
qa-735	인테리어	업체 솔루션	공통	개원 플래너는 구체적으로 어떤 업무를 대행해 주나요?	개원 플래너는 전용 노션 페이지를 통해 월별 체크리스트, 미팅 기록, 녹음본을 관리하고 원장님의 의사결정을 지원합니다. 인테리어간판홈페이지 업체 미팅 일정 조율, 개설 신고 서류 안내 및 보건소 동행, 세무사노무사 미팅 주선, 채용 공고 디자인 제작 등을 대행해요. 원장님은 최종 결정만 내리면 되며, 중간 과정의 업체 간 소통과 서류 작업은 플래너가 처리합니다.
qa-736	인테리어	물리/구조	미용	피부과에서 리프팅실을 별도로 구성하는 것이 좋은가요, VIP룸과 겸용하는 것이 좋은가요?	리프팅 시술은 마취 후 바로 시술까지 진행되므로 전용 공간을 별도로 두는 것이 효율적입니다. VIP룸과 겸용할 경우 공간은 넓어지지만 시술 회전율이 떨어질 수 있어요. 리프팅실을 2~3개 별도로 구성하면 동시 시술이 가능하고, VIP룸은 상담이나 고급 관리 전용으로 활용하여 공간 효율을 높일 수 있습니다.
qa-737	인테리어	개인(원장님) 선호	미용	VIP 상담실은 일반 상담실 대비 얼마나 크게 설계해야 하나요?	VIP 상담실은 일반 상담실의 최소 2배 크기로 설계하여 소파 등 고급 가구를 배치할 수 있어야 합니다. 해외 환자나 VIP 고객이 이용할 경우 방음 보완이 필수적이며, 입구나 복도 소음이 전달되지 않도록 안쪽에 배치하는 것이 좋아요. 상담실에서 바로 결제까지 진행하는 시스템이라면 휴대용 카드 단말기(약 5만 원)를 비치하면 동선을 줄일 수 있습니다.
qa-738	인테리어	물리/구조	공통	직원 휴게실과 관리실(시술실) 사이의 소음 문제는 어떻게 해결하나요?	직원실과 관리실이 벽 하나를 사이에 두고 인접하면 환자 시술 중 직원실 소음이 전달될 수 있습니다. 이를 방지하려면 벽체에 흡음재를 이중으로 시공하거나, 두 공간 사이에 복도나 창고 같은 완충 공간을 배치하는 것이 효과적이에요. 설계 단계에서 소음이 우려되는 공간을 미리 파악하여 배치를 조정하는 것이 사후 방음 공사보다 비용 면에서 유리합니다.
qa-739	인테리어	물리/구조	미용	병원 내부에 중간 대기 공간을 두는 것이 필요한가요?	중간 대기 공간은 접수 후 시술 순서를 기다리는 환자가 입구까지 나오지 않아도 되어 동선이 편리한 장점이 있습니다. 유튜브 촬영 공간이나 라운지로 활용할 수도 있어요. 다만 안내 데스크 없이 단독으로 두면 활용도가 떨어질 수 있으며, 공간이 과하게 넓다면 축소하여 창고나 장비 보관실로 전환하는 것이 더 실용적일 수 있습니다.
qa-740	인테리어	물리/구조	미용	피부과에서 장비 스테이션(장비 보관실)은 어디에 배치해야 하나요?	써마지 등 이동식 시술 장비를 보관하는 장비 스테이션은 시술실 동선의 중간 지점에 배치하는 것이 이상적입니다. 구석에 창고를 두면 장비 이동 거리가 길어져 비효율적이에요. 준비실 옆에 배치하면 장비 관리와 소모품 보충을 동시에 할 수 있어 운영 효율이 높아지며, 각 층마다 별도의 장비 보관 공간을 확보하는 것이 좋습니다.
qa-741	인테리어	업체 솔루션	공통	병원 시술실을 가변형으로 설계하면 어떤 장점이 있나요?	시술실 사이에 접이식 문이나 가동벽을 설치하면 문을 열어 4인실로, 닫으면 1인실로 가변적으로 활용할 수 있습니다. 환자 수에 따라 공간을 유연하게 조정할 수 있어 운영 효율이 높아져요. 다만 방음 성능이 일반 벽체보다 떨어질 수 있으므로(특히 미용 시술 시 소음) 별도 통제 문을 달아 프라이빗한 구역과 일반 구역을 분리하는 것이 좋습니다.
qa-742	인테리어	개인(원장님) 선호	미용	피부과 시술실마다 세면대(수전)를 설치할 필요가 있나요?	피부과 시술실에서 환자가 물을 직접 사용하는 경우는 많지 않으므로 모든 방에 수전을 설치할 필요는 없습니다. 다만 VIP룸이나 메인 시술실 한 곳에는 수전과 드라이어를 갖춰 시술 후 바로 메이크업을 정리할 수 있도록 하는 것이 좋아요. 나머지 방에는 드라이어만 비치하고, 공용 파우더룸을 별도로 두면 공간과 비용을 절약할 수 있습니다.
qa-743	인테리어	사업적 요구	공통	2층 이상 병원에서 각 층에 안내 데스크가 필요한가요?	2층 이상의 병원이라면 각 층에 최소 1인 규모의 안내 데스크를 두는 것이 좋습니다. 계단이나 엘리베이터를 이용해 올라온 환자가 어디로 가야 할지 바로 안내받을 수 있어야 하며, 컴퓨터 한 대와 직원 좌석 정도의 공간이면 충분해요. 안내 데스크가 없으면 환자가 길을 헤매거나 직원을 찾아 돌아다니게 되어 서비스 만족도가 떨어질 수 있습니다.
qa-744	인테리어	업체 솔루션	공통	병원 상담실에서 바로 결제할 수 있는 시스템은 어떻게 구성하나요?	요즘은 상담실에 휴대용 카드 단말기를 비치하여 상담과 결제를 한 공간에서 처리하는 추세입니다. 단말기 비용은 약 5만 원 수준으로 저렴하며, 환자가 접수대까지 이동해 대기하는 번거로움을 없앨 수 있어요. 라운지 느낌의 상담실에서 바로 결제까지 마친 후 시술실로 안내하면 고급스러운 서비스 경험을 제공할 수 있습니다.
qa-745	인테리어	물리/구조	공통	병원 직원 라커는 몇 개 정도 확보해야 하고 어디에 배치하나요?	직원 라커는 최소 현재 직원 수보다 20~30% 여유 있게 준비하는 것이 좋으며, 20명 규모라면 20개 이상을 확보해야 합니다. 세탁기 동선과 함께 배치하면 유니폼 관리가 편리하며, 직원 동선은 환자 동선과 분리하여 내부에서만 접근 가능한 위치가 적합해요. 라커룸이 관리실(시술실)과 인접하면 소음 문제가 생길 수 있으므로 완충 공간을 두는 것이 좋습니다.
qa-746	인테리어	물리/구조	치과	치과 오픈 진료실의 체어 파티션 간격은 얼마가 적당한가요?	체어 파티션 간격은 2,400mm로 잡으면 암(Arm) 타입이나 K5 체어까지 충분히 수용할 수 있습니다. 환자 동선과 의료진 동선을 분리하여 오픈 진료실이 번잡하지 않게 관리하는 것이 중요해요. 파티션 사이 상하부장 사이에는 백 페인트 글라스를 시공하면 포스트잇 부착이나 오염 관리가 쉬워 깔끔하게 유지할 수 있습니다.
qa-747	인테리어	물리/구조	치과	원내 기공소(기공실)는 어느 정도 공간이 필요하고 어디에 배치하나요?	원내 기공소는 약 2평(3.5m 정도)이면 석션, 컴퓨터, 캐드캠 장비를 충분히 세팅할 수 있습니다. 3D 프린터로 임시 치아(Temporary)를 직접 제작하면 진료 속도를 크게 높일 수 있어요. 원장님과의 소통이 중요하다면 소독실 근처에, 독립 운영이라면 별도 공간으로 분리하여 배치하는 것이 좋으며, 당장 세팅하지 않더라도 여유 공간을 확보해두는 것을 추천합니다.
qa-748	인테리어	사업적 요구	공통	의국실과 직원 휴게실을 통합하는 것이 효율적인가요?	의국실과 직원실을 하나로 합쳐 세미나실 겸 휴게 공간으로 구성하면 공간 효율이 높아집니다. 탈의실만 별도로 분리하고 나머지 공간에 칸막이와 캐비닛을 활용하면 됩니다. 넓은 식사 공간과 50인치 TV 등을 갖춘 제대로 된 휴게 공간을 만드는 것이 직원 만족도에도 좋아요. 온돌 판넬은 공간이 커지고 관리가 어려워 권장하지 않습니다.
qa-749	인테리어	업체 솔루션	치과	임플란트 수술실을 전문적으로 꾸미면 마케팅 효과가 있나요?	수술실을 임플란트 센터 컨셉으로 몰아서 구성하면 전문성을 어필할 수 있어 환자 유치에 큰 효과가 있습니다. 천장에 무영등이나 등 박스 디자인을 적용하면 전문 수술실 이미지를 확보할 수 있어요. 임플란트 픽스처는 상부장에 나열하면 지저분해 보일 수 있으므로 블랙 유리장을 제작하여 은은하게 보이면서도 깔끔하게 수납하는 방식이 추천됩니다.
qa-750	인테리어	업체 솔루션	공통	병원 출입구 자동문은 한쪽 개방과 양쪽 개방 중 어떤 것이 좋은가요?	양쪽으로 열리는 양궤도 스타일 자동문이 환자에게 웅장하고 쾌적한 첫인상을 줍니다. 기본 한쪽 개방형 대비 약 100만 원 비용이 추가되지만, 입구가 넓어 휠체어 이용 환자도 편리해요. 파사드는 통유리에 안개 시트 마감을 적용하면 개방감을 살리면서도 내부 노출을 적절히 차단할 수 있습니다.
qa-751	마케팅	업체 솔루션	공통	병원 외부에 TV를 설치하려면 어떤 방식이 좋은가요?	외부에 직접 TV를 설치하면 파손 위험이 있으므로, 내부에서 밖을 향하게 설치하고 유리로 마감하는 방식이 안전합니다. 요즘 원장님 약력 표시는 인쇄물 대신 세로형 DID TV로 구성하여 페이 닥터 변경 시에도 쉽게 업데이트할 수 있게 하는 추세예요. 홍보 효과도 높고 유지 관리가 편리합니다.
qa-752	인테리어	업체 솔루션	공통	병원 포토존에 적합한 조명 방식은 무엇인가요?	포토존에는 그림자가 생기지 않는 바리솔 조명(면광원)을 사용하면 얼굴이 화사하게 나옵니다. 촬영용 엄브렐러와 같은 기능을 하므로 증례 촬영뿐 아니라 인스타용 사진 촬영에도 적합해요. 리뷰 이벤트나 환자 증례 수집용으로 포토존을 활용할 경우, 문을 설치하여 촬영 시 시선을 차단하는 것이 환자 프라이버시 보호에 좋습니다.
qa-753	인테리어	물리/구조	공통	소독실의 동선을 효율적으로 설계하려면 어떻게 해야 하나요?	소독실은 입구와 출구를 따로 만들어 오염 기구와 멸균 완료 기구의 동선이 겹치지 않도록 설계하는 것이 이상적입니다. 대규모 소독실의 경우 상주 인력이 근무할 수 있는 크기로 구성하고, 수술실 근처에 간이 소독실을 별도로 두면 수술 중 긴급 멸균도 가능해요. 소독실이 환자 대기 공간에서 직접 보이지 않도록 약간 안쪽으로 배치하면 미관상 좋습니다.
qa-754	인테리어	법규/규제	공통	건물 공용부 공간을 병원 창고로 활용해도 되나요?	공용부 복도 등을 창고로 활용하는 것은 공간 효율 면에서 유리하지만, 소방 점검이나 건물 관리 규정에 저촉될 수 있으므로 주의가 필요합니다. 가벽을 설치하되 바닥 마감은 하지 않고 가구도 이동식으로 배치하면 문제 발생 시 바로 철거하여 원상복구가 가능해요. 개원 초기 대량으로 들어오는 소모품 보관용으로 유용하지만 원상복구 리스크를 반드시 감안해야 합니다.
qa-755	인테리어	물리/구조	공통	병원 외부 파사드(전면 유리) 공사 시 비용과 주의사항은 무엇인가요?	파사드 유리 공사는 기존 건축 샷시를 철거하고 새로 세워야 프레임 없이 깔끔한 외관을 만들 수 있으며, 유리 공사 비용으로 약 300~400만 원이 별도 발생합니다. 통유리에 안개 시트 마감을 적용하면 개방감을 살리면서도 내부가 과도하게 노출되는 것을 방지할 수 있어요. 외부에서 보이는 첫인상이 환자 유치에 큰 영향을 주므로 투자 가치가 높은 항목입니다.
qa-756	인테리어	물리/구조	공통	병원 내부를 순환 구조로 설계하면 어떤 장점이 있나요?	순환 구조는 직원들이 준비실에서 사방으로 움직일 수 있어 업무 효율이 매우 높습니다. 환자 동선과 직원 동선이 자연스럽게 분리되고, 동선이 막히는 맹지(막다른 구조)가 생기지 않아 시술 회전율도 향상돼요. 특히 관리실이 많은 피부과나 시술실이 여러 개인 병원에서 순환 구조의 효과가 극대화됩니다.
qa-757	인테리어	사업적 요구	미용	대형 피부과(100평 이상) 인테리어 예산은 어떻게 잡아야 하나요?	135평 기준으로 평당 265~270만 원 정도면 부가세 포함 3억 5천~4억 원 수준입니다. 이 외에 내부 간판(600~800만 원), 소방(800~1,100만 원), 가구(1,500~2,000만 원)가 별도로 발생해요. VIP 구역이나 5층 등 핵심 공간에는 예산을 집중하고, 레이저실 같은 기능 중심 공간은 상대적으로 힘을 빼면 전체 예산을 효율적으로 배분할 수 있습니다.
qa-758	인테리어	물리/구조	미용	피부과 포토룸에 메타뷰(MetaView)와 DSLR을 함께 설치하려면 공간이 얼마나 필요한가요?	메타뷰는 본체와 기기가 함께 올라가야 해서 가로 폭이 넉넉해야 하며, DSLR 촬영 거리까지 확보하려면 일반 상담실보다 큰 공간이 필요합니다. 포토룸에 스탠딩 PC를 설치할 구석 공간도 함께 확보하면 촬영 후 바로 이미지를 확인할 수 있어요. 장비 규격을 인테리어 업체에 미리 전달하여 정교하게 사이즈를 잡는 것이 중요합니다.
qa-759	의료기기	업계 표준	미용	피부과 수면 마취 시술을 위한 공간은 어떻게 구성해야 하나요?	수면 마취는 일반 관리 베드에서는 진행이 어렵고, 환자 안전을 위해 전동 체어가 있는 전용 세팅 구역이 필요합니다. VIP 리프팅실의 베드를 수면 마취용 전동 체어로 구성하면 별도 공간 없이 겸용이 가능해요. 수면 마취는 2주 이내 중복 시술이 불가하므로 기록 관리 체계도 함께 갖추는 것이 중요합니다.
qa-760	인테리어	업체 솔루션	미용	레이저 시술실에 베드 2개를 한 공간에 배치해도 되나요?	레이저 시술실은 파티션 없이 한 공간에 베드 2개를 두고 장비를 가운데에서 공유하는 구성이 가능합니다. 동시에 환자가 있을 때는 레일 커튼으로 구분하면 프라이버시를 확보할 수 있어요. 이 방식은 고가의 장비를 중복 구매하지 않아도 되므로 비용 절감 효과가 크며, 색소 치료 등 유사 시술을 연속 진행할 때 효율적입니다.
qa-761	의료기기	물리/구조	미용	고압 산소 챔버 장비를 병원에 설치할 때 배치 시 고려할 점은 무엇인가요?	고압 산소 챔버는 장비 크기가 크므로 구석이나 벽으로 막힌 공간에 배치하는 것이 좋으며, 화장실 소음이나 냄새 문제를 피할 수 있는 위치를 선정해야 합니다. 복층 구조라면 진료실이 집중된 층에 두는 것이 환자 동선 면에서 유리해요. 장비 규격을 인테리어 업체에 사전에 전달하여 설치 공간과 전기 용량을 미리 확인하는 것이 필수적입니다.
qa-762	인테리어	개인(원장님) 선호	공통	병원 인포메이션 데스크를 입구 바로 앞에 두는 것과 안쪽에 두는 것의 차이는 무엇인가요?	입구 바로 앞에 인포를 두면 환자가 들어오자마자 안내를 받을 수 있어 안정적이지만, 뒤쪽 벽이 막히며 공간이 작아 보일 수 있습니다. 반면 인포를 안쪽에 배치하면 입구에서 뻥 뚫린 개방감이 생겨 병원이 넓어 보이는 효과가 있어요. 라운지 느낌의 고급 병원을 지향한다면 개방형이, 환자 안내 효율을 우선한다면 입구 배치가 적합합니다.
qa-763	인테리어	개인(원장님) 선호	미용	피부과 파우더룸은 어떻게 설계하면 환자 만족도가 높아지나요?	파우더룸은 셀카가 잘 나오는 조명과 병원 로고가 포함된 디자인으로 구성하면 환자들이 SNS에 자발적으로 공유하는 효과를 얻을 수 있습니다. 세면대는 1~2개면 충분하며, 앉아서 메이크업할 수 있는 공간이 중요해요. 라커룸은 한쪽이 벽으로 막혀 있어야 심리적 안정감을 주며, 복도에서 직접 보이지 않는 안쪽 위치가 적합합니다.
qa-764	인테리어	업체 솔루션	공통	천장이 낮은 공간에서 답답함을 해소하는 인테리어 방법은 무엇인가요?	천장이 낮을 때 노출 천장으로 하면 오히려 배관 등이 드러나 지저분해 보일 수 있으므로 일반적으로 권장하지 않습니다. 대신 거울을 벽면이나 천장 일부에 적용하면 시각적 확장감을 줄 수 있어요. 간접 조명을 활용해 천장 경계를 흐리게 처리하거나, 밝은 톤의 마감재로 통일하면 체감 높이가 높아지는 효과를 얻을 수 있습니다.
qa-765	인테리어	물리/구조	미용	피부과 관리실 베드 수는 몇 개가 적정한가요?	베드 수는 원장 수, 시술 종류, 회전율을 고려하여 18~20개 정도가 일반적입니다. 1인실 개수를 줄이고 각 실을 넓히면 시술 편의성이 높아지지만 동시 수용 환자 수가 줄어들 수 있어요. 4인 다인실을 2인실 2개로 분리하면 프라이버시를 확보하면서도 베드 수를 유지할 수 있으며, 마취 연고 도포 후 대기하는 별도 좌석보다는 관리실에서 직접 전 과정을 진행하는 동선이 효율적입니다.
qa-766	인테리어	법규/규제	공통	사용하지 않는 화장실 공간을 다른 용도로 전환할 수 있나요?	사용하지 않는 화장실은 변기를 막고 차단하여 다른 용도로 전환할 수 있지만, 하수구를 통한 냄새 역류 가능성을 반드시 고려해야 합니다. 배관을 완전히 절단하면 퇴거 시 원상복구가 어려우므로 관을 유지한 채 마감 처리하는 것이 안전해요. 마케팅실이나 소형 창고처럼 수전이 필요 없는 용도로 활용하면 냄새 문제를 최소화하면서 공간 효율을 높일 수 있습니다.
qa-767	인테리어	개인(원장님) 선호	공통	병원 상담실을 반투명 유리로 시공하면 어떤 효과가 있나요?	상담실을 반투명 유리로 구성하면 대기 공간에서 상담 과정이 은은하게 보여 활기 있는 병원 분위기를 연출할 수 있습니다. 상단은 불투명 처리하여 환자 프라이버시를 보호하면서도 하단의 투명도로 개방감을 유지할 수 있어요. 라운지 느낌의 카페 같은 대기 공간을 만들 때 효과적이며, 테라스가 있는 경우 안전을 위해 강화유리로 시공해야 합니다.
qa-768	인테리어	업체 솔루션	미용	복층 구조 병원에서 VIP 공간을 위층에 배치할 때 고려할 점은 무엇인가요?	위층 VIP 공간은 층고가 낮을 수 있으므로 사전에 천장 높이를 확인해야 합니다. 거울을 활용한 확장감 연출이나 간접 조명으로 답답함을 보완할 수 있어요. 비상구 쪽 계단은 관리가 안 되는 경우가 많아 VIP 출입로로 부적합하며, 메인 통로를 강점으로 활용하는 것이 좋습니다. 시술이 없을 때 창문을 열고 조명만 연출하면 아래층에서도 궁금증을 유발하는 마케팅 효과를 줄 수 있습니다.
qa-769	인테리어	사업적 요구	공통	병원 인테리어 평당 단가는 평수에 따라 어떻게 달라지나요?	인테리어 평당 단가는 평수에 따라 크게 달라집니다. 30평 이하는 평당 약 300만 원, 60평 이하는 약 250만 원, 60평 이상(대형)은 약 200만 원 수준입니다. 이는 목수 등 기능공의 하루 작업량이 정해져 있어 좁은 공간에서는 인건비 비율이 높아지기 때문이에요. 140평 규모라면 평당 200만 원 전후로 총 2억 5천~2억 8천만 원 정도가 예상됩니다.
qa-770	인테리어	사업적 요구	공통	인테리어 계약금 외에 추가로 발생하는 비용 항목은 무엇인가요?	인테리어 계약금 외에 소방 공사, 냉난방 공사, 커튼블라인드, 이동 가구(소파 등)가 별도로 발생합니다. 에어컨이 없는 상태에서 새로 구비하면 평당 20~35만 원이 들어 140평 기준 상당한 비용이 됩니다. 다만 기존 시스템 에어컨이 있으면 이설과 추가 설치비만 발생해요. 커튼블라인드는 인테리어 업체 견적이 가장 저렴한 경우가 많으므로 별도 업체를 찾기보다 인테리어사와 함께 진행하는 것이 유리합니다.
qa-771	인테리어	사업적 요구	공통	병원 개원 대출(닥터론)은 어떤 구조로 받나요?	병원 개원 대출은 닥터론과 신용보증기금(신보)을 조합하여 총 10억 원까지 구성하는 것이 일반적입니다. 경남은행은 닥터론 8억 + 신보 2억, 하나은행은 닥터론 7억 + 신보 3억 구조이며, 10억을 초과하면 이율이 달라지므로 10억 이내로 맞추는 것이 유리해요. 닥터론 비율이 높을수록 금리 면에서 유리하므로, 최소 2~3개 은행에서 상담을 받아보고 금리, 카드사 혜택 등을 비교하는 것이 좋습니다.
qa-772	마케팅	사업적 요구	공통	같은 건물에 다른 병원이 있을 때 간판 경쟁은 어떻게 대응하나요?	같은 건물에 다른 병원(예: 안과)이 있을 경우 간판 위치를 선점하는 것이 중요합니다. 건물 주 출입구 옆 안내판이나 1층 벽면 등 핵심 위치를 먼저 확보해야 해요. 전유부(본인 전용 공간)에는 자유롭게 설치 가능하지만, 공용부에 설치하려면 임대인 협의가 필요합니다. 간판이 하나라도 제대로 된 것이 여러 개를 대충 하는 것보다 효과적이며, 인테리어와 동시에 간판 업체 미팅을 시작하는 것을 추천합니다.
qa-773	마케팅	법규/규제	공통	병원 이름에 대학교 로고를 넣을 수 있나요?	서울대 등 출신 대학 로고를 간판에 넣는 것은 마케팅 효과가 크며, LED를 적용하여 로고 자체에 불이 들어오도록 시공하면 야간 노출 효과도 높아집니다. 다만 대학 로고 사용에 대한 저작권이나 사용 허가 규정을 확인해야 하며, 병원 네이밍 시 상표 등록 여부를 반드시 사전에 조회하세요. 원하는 이름이 이미 동일 업종으로 등록되어 있으면 사용이 불가합니다.
qa-774	인테리어	업체 솔루션	공통	인테리어 마감에서 도장과 벽지를 어떻게 나눠 사용하면 비용을 절감할 수 있나요?	환자에게 눈에 보이는 공간(대기실, 복도, 상담실)은 도장 마감으로 고급스럽게 처리하고, 진료실 내부, 준비실, 원장실 안쪽 등 환자가 직접 보지 않는 공간은 벽지로 마감하면 비용을 크게 절감할 수 있습니다. 도장은 디자인적으로 다양한 표현이 가능하지만 벽지 대비 비용이 높으므로, 인테리어 업체에서도 이 방식으로 견적을 구분하여 제출하는 것이 일반적입니다.
qa-775	노무	사업적 요구	공통	현재 직장에 퇴사를 알리기 전에 채용 공고를 올릴 수 있나요?	채용 플랫폼(예: 덴탈잡)에 공고를 올리면 원장님 이름이 노출되므로 현 직장 직원들이 발견할 가능성이 높습니다. 퇴사 통보 전에 공고를 올리면 관계가 어색해질 수 있어요. 일반적으로 퇴사를 먼저 통보한 후 바로 채용 공고를 올리는 방식이 안전하며, 개설 신고(보통 준공 10일 전) 시점에 심평원 등록 변경이 필요하므로 최소 개설 신고 한 달 전에는 현 직장에 퇴사 의사를 전달하는 것이 좋습니다.
qa-776	인테리어	사업적 요구	공통	인테리어 착공 전에 반드시 먼저 처리해야 할 3가지는 무엇인가요?	인테리어 착공 전에 세무사 선정, 은행 대출 상담, 건축사 용도 변경 서류를 먼저 처리해야 합니다. 세무사는 사업자 등록증 발급에 필요하고, 은행은 닥터론 등 대출 심사에 시간이 걸리며, 건축사는 임대인과 소통하여 용도 변경 서류를 준비해야 해요. 이 세 가지를 한 주 안에 마무리하면 바로 다음 주부터 인테리어 미팅에 들어갈 수 있어 스케줄이 지연되지 않습니다.
qa-777	인테리어	업계 표준	공통	PC네트워크 업체는 인테리어 시작 후 언제 결정해야 하나요?	PC네트워크 업체는 인테리어 착공 후 가능한 빨리 결정해야 합니다. 인터넷 선로, 콘센트 위치, CCTV 배선 등이 목공 공사 전에 확정되어야 하기 때문이에요. 인터넷, 보안, EMR(예: 덴트웹), 카드 단말기, CCTV를 한 업체에 일임하면 견적과 관리가 편리합니다. 전화번호 개통도 이 시기에 함께 진행하면 효율적입니다.
qa-778	마케팅	업체 솔루션	공통	원장님 프로필 촬영은 언제, 어떻게 준비해야 하나요?	프로필 촬영은 유니폼이 준비된 후 가능한 빨리 진행하는 것이 좋습니다. 홈페이지, 간판, 온라인 마케팅 등에 모두 사용되기 때문이에요. 촬영 업체는 병원 전문 스튜디오(예: 시노그라피)를 이용하면 소수 컷은 저렴하게, 다수 컷은 비용을 올려 합리적으로 이용할 수 있습니다. 배우 사진 촬영 경력이 있는 전문 포토그래퍼가 품질이 더 좋은 편입니다.
qa-779	의료기기	사업적 요구	치과	치과 장비재료 구매 시 오스템과 메가젠 패키지만 사용하면 되나요?	오스템과 메가젠 패키지는 체어나 임플란트 구매 조건으로 재료를 묶어 제공하지만, 외부 재료상 대비 약 10% 정도 비쌀 수 있습니다. 두 회사에서 필요한 만큼만 패키지로 구매하고, 각 사의 프로모션 상품을 활용한 뒤 나머지는 외부 재료상에서 비교 견적을 받아 구매하면 개원 비용을 절감할 수 있어요. 특히 큐레이 오토클레이브, NSK 제품 등은 직판 대리점을 통해 더 저렴하게 구입 가능한 경우가 있습니다.
qa-780	의료기기	업체 솔루션	치과	메가젠 BDS 프리미엄 조건이란 무엇인가요?	메가젠에서 총 구매액 1억 원 이상 시 BDS(프리미엄 서비스) 조건을 받을 수 있으며, 약 500만 원 상당의 구강 스캐너 무료 제공과 임플란트 엔진 2대를 추가로 받을 수 있습니다. 제공되는 스캐너는 프라임스캔 대비 유선이고 소프트웨어가 다소 조잡하지만 스캔 성능 자체는 큰 차이가 없어요. 체어와 픽스처를 합산하면 1억을 넘기기 어렵지 않으므로 담당자와 패키지 견적을 협의해 보는 것을 추천합니다.
qa-781	인테리어	법규/규제	공통	인테리어 업체 선정 시 실내 건축 면허가 왜 중요한가요?	실내 건축 면허가 없는 업체와 공사 중 인사 사고가 발생하면 원장님에게 책임이 갈 수 있습니다. 면허가 있으면 인테리어 회사에서 사고 책임을 지게 되어요. 현행법상 5천만 원 이상 공사는 실내 건축 면허 소지 업체와 하도록 규정되어 있으며, 정부가 이 부분을 더욱 강화할 예정이므로 업체 선정 시 면허 보유 여부를 반드시 확인하세요.
qa-782	인테리어	업계 표준	공통	인테리어 업체를 효과적으로 비교하려면 어떤 방식이 좋은가요?	인테리어 업체는 초기에 많이 만나보되, 토너먼트 형식으로 좁혀 나가야 합니다. 도면 미팅에서 컨셉과 동선을 비교한 뒤 최종 2~3개 업체만 3D 시안을 요청하세요. 같은 날 오전오후로 나눠 한 장소에서 연속 미팅하면 기억이 생생하고 비교가 쉬워요. 일부 업체는 도면 유출을 우려하여 도면을 제공하지 않는 경우가 있으므로, 미팅 후 핵심 포인트를 바로 메모해 두는 것이 중요합니다.
qa-783	인테리어	법규/규제	공통	건물 용도 변경(표시 변경) 시 소방 스프링클러 비용은 얼마나 드나요?	용도 변경 시 현행 소방법에 따라 인접 건물 창문 60cm 이내에 스프링클러를 추가 설치해야 합니다. 창문 3개 기준 약 90~100만 원이 소요되며, 추가 창문이 있으면 비용이 더 올라갈 수 있어요. 소방 점검이 최근 크게 강화되어 인테리어가 거의 완료되어야 점검을 통과할 수 있으므로, 건축사에게 위임하여 현장 방문과 주무관 협의를 병행하는 것이 효율적입니다.
qa-784	인테리어	법규/규제	공통	병원 면적이 500㎡를 넘으면 추가로 필요한 시설은 무엇인가요?	병원 면적이 500㎡(약 151평)를 초과하면 장애인 편의시설 설치 의무가 발생합니다. 장애인 화장실, 경사로, 점자 블록 등이 필요하며, 이를 갖추지 않으면 개설 신고가 불가해요. 면적을 500㎡ 미만으로 유지하면 이 의무에서 자유로우므로, 확장 계획이 있다면 사전에 건축사와 면적 산정을 정확히 확인하고 직원 휴게실 등 비진료 공간을 별도 계약으로 분리하는 방법도 검토할 수 있습니다.
qa-785	인테리어	사업적 요구	공통	신용보증기금(신보) 대출은 병원 개원 시 얼마까지 받을 수 있나요?	신용보증기금을 통한 대출은 기본 1억 원까지 별도 조건 없이 가능하며, 추가 조건 충족 시 최대 3억 원까지 가능합니다. 다만 치과의 경우 통상 1억 원 수준이 일반적이에요. 닥터론과 합산하여 총 대출이 10억 원을 초과하면 이율이 달라지므로 10억 이내로 맞추는 것이 유리하며, 개원 후에는 신보 대출이 어려우므로 확장 계획이 있다면 개원 전에 미리 받아두는 것을 추천합니다.
qa-786	마케팅	업체 솔루션	공통	오프라인 마케팅(전단지 영업) 일정은 언제 잡아야 하나요?	오프라인 마케팅은 인력 기반으로 운영되어 일정이 한번 잡히면 다른 일정을 잡기 어려우므로 가능한 빨리 예약해야 합니다. 보통 개원 셋업 완료 후 시작하여 8회 기준으로 진행하며, 첫 회차 후 1~2일 간격으로 반복합니다. 노령층이 많은 상권이라면 로드 마케팅이 특히 효과적이에요. 비용은 높은 편이지만 실제 환자 유입으로 이어지는 후기가 좋아 초기 환자 확보에 유용합니다.
qa-787	인테리어	법규/규제	공통	병원 아래층에 물 사고가 발생할 위험에 대비하려면 어떻게 해야 하나요?	치과는 물을 많이 사용하므로 아래층에 물 사고가 발생할 위험이 있습니다. 인테리어 시 설비 자재를 품질 좋은 것으로 지정하면 배관을 오랫동안 교체하지 않고도 안전하게 사용할 수 있어요. 아래층이 은행 등 민감한 업종이라면 배상 책임 보험에 화재보험을 추가 가입하는 것을 추천하며, 보험은 의협을 통해 현대해상이나 DB손해보험에서 합리적으로 가입할 수 있습니다.
qa-788	마케팅	업체 솔루션	공통	원웨이 시트란 무엇이고 병원 간판에 어떻게 활용하나요?	원웨이 시트는 낮에는 외부에서 디자인이 그대로 보이면서 내부에서는 밖이 투명하게 보이는 특수 시트입니다. 대기실 창에 많이 사용하며 환자가 답답함을 느끼지 않도록 해줘요. 단, 야간에 안쪽이 밝으면 내부가 외부에서 그대로 보이므로 주의가 필요합니다. 창문 위의 여닫이(프로젝트 창)은 그대로 열 수 있어 환기에도 문제없습니다.
qa-789	마케팅	법규/규제	공통	병원 간판에서 의원 명칭 표기 규정은 어떻게 되나요?	법규상 간판에 의원 표기는 반드시 들어가야 합니다. 과거에는 병원명과 동일한 크기로 써야 했지만, 법규가 개정되어 현재는 메인 명칭의 2분의 1 크기까지 축소 가능합니다. 또한 의원급에서는 센터라는 명칭을 사용할 수 없으므로, 건강검진 센터 대신 종합검진으로 표기하는 것이 안전해요. 센터 명칭은 민원이 가장 많이 들어오는 요소 중 하나입니다.
qa-790	마케팅	업계 표준	공통	병원 간판 색상은 어떤 색이 효과적인가요?	가시성이 가장 높은 색은 노란색이며, 멀리서도 잘 보여 많은 병원에서 채택합니다. 병원 브랜드 색상으로는 다크네이비(짙은 남색)가 가장 인기가 높으며, 신뢰감과 전문성을 전달해요. 밝은 파란색은 밝고 경쾌하지만 건강검진이나 암 진단 등 무게감이 필요한 진료과에는 다소 가벼워 보일 수 있어 주의가 필요합니다. 브라운이나 주황은 올드한 느낌이 있어 최근에는 잘 사용하지 않는 추세입니다.
qa-791	마케팅	업체 솔루션	공통	병원 간판에 시계를 설치하면 비용이 얼마나 드나요?	간판용 시계는 약 440만 원 정도로 전체 간판 비용에서 상당한 비중을 차지합니다. 시계는 지나가는 사람들의 시선을 잡는 효과가 있지만, 설치 위치가 골목 안쪽이면 효과가 떨어질 수 있어요. 가능하다면 도로 쪽이나 버스 정류장에서 보이는 방향에 설치하는 것이 좋으며, 예산이 부담될 경우 시계를 제외하면 전체 간판 비용을 크게 절감할 수 있습니다.
qa-792	마케팅	업체 솔루션	공통	병원 간판(외부+내부 사인) 총 비용은 얼마 정도인가요?	외부 간판과 내부 사인을 포함한 총 비용은 약 3,000~3,300만 원 수준입니다. 내부 사인(파사드 조명, 데스크 조명, 진료실 표기 등)만 약 700만 원 정도이고, 라운드 형태의 간판은 수작업이 필요해 비용이 추가됩니다. 간판 제작은 약 10일, 설치는 3~4일이 소요되므로 개원 3주 전에는 제작에 들어가야 합니다. 보건소 개설 신고 승인 후에 외부 간판을 설치하는 것이 안전합니다.
qa-793	마케팅	법규/규제	공통	같은 건물의 약국과 간판을 함께 디자인하면 문제가 되나요?	약국과 병원 간판을 같은 업체에서 일체감 있게 디자인하는 것은 합법적이며, 정형외과와 내과가 간판을 함께 제작한 사례도 있습니다. 담합 우려를 할 수 있지만, 각각 개별 병원과 약국이 독립적으로 계약하는 것이므로 문제가 되지 않아요. 만약 부담이 되면 약국 쪽 시트를 분리하여 별도로 제작할 수도 있습니다. 오히려 약국 면적까지 활용하면 간판 노출 면적이 넓어져 가시성이 크게 높아집니다.
qa-794	마케팅	사업적 요구	공통	신축 건물에서 간판 설치 시 관리사무소와 어떻게 협의해야 하나요?	신축 건물은 관리사무소가 아직 지정되지 않았거나 초기라 간판 규정이 불명확한 경우가 많습니다. 관리소장보다 상가 조합장이 더 결정 권한이 있으므로 조합장과 먼저 협의하는 것이 효과적이에요. 관리소장은 초반에 자주 교체되어 일관성이 없고, 안 된다고 하는 경향이 강합니다. 건물 초입에 들어가는 첫 입주자가 간판 기준을 만드는 경우가 많으므로, 빨리 진입하여 선례를 만드는 것이 유리합니다.
qa-795	의료기기	사업적 요구	내과	의료기기 구매 시 턴키 업체와 제조사 직접 구매의 차이는 무엇인가요?	제조사에 직접 컨택하면 소비자가로만 받을 수 있어 비용이 높습니다. 턴키 업체는 도매가로 매입하여 할인이 적용되므로 가격이 더 저렴해요. 예를 들어 삼성 V7 초음파 기기를 제조사 직접 구매 시 약 5,100만 원이지만, 턴키를 통하면 4,700만 원 수준입니다. 또한 턴키 업체가 여러 제조사 중고를 수시로 물색하고 인테리어에 사이즈/전력 정보를 넘겨주는 조율 역할도 해주므로 시간도 절약됩니다.
qa-796	의료기기	업체 솔루션	내과	내과 초음파 장비를 중고로 구매할 때 주의할 점은 무엇인가요?	중고 초음파는 가격이 저렴하지만 구형 모델은 지방간 측정, 간경화 탄성도, 심장 옵션 등의 추가가 불가능할 수 있어 호환성을 반드시 확인해야 합니다. 중고가는 시기에 따라 크게 변동하며, 다른 원장님이 내놓는 순간 바로 가져가는 구조이므로 이름을 걸어두고 대기하는 방식으로 진행됩니다. GE 등 타 브랜드도 최근 공격적 프로모션으로 신품 가격이 내려가고 있어 비교 검토가 필요합니다.
qa-797	의료기기	업계 표준	내과	엑스레이 장비 100mA와 500mA 중 어떤 것을 선택해야 하나요?	하루 환자 100명 이하의 일반 내과라면 100mA로 충분합니다. 500mA는 병원급 이상에서 대량 촬영 시 과부하 방지용이에요. 500mA 선택 시 전압을 높여야 해서 콘덴서(약 50만 원) 추가 설치가 필요하고, 상시 높은 전압 유지로 관리비가 증가합니다. 엑스레이 촬영 시 순간 전력이 부족하면 컴퓨터 다운이나 에어컨 흔들림이 발생할 수 있으므로 건물 전력 상태도 함께 확인하세요.
qa-798	의료기기	업체 솔루션	내과	내시경 장비(올림푸스 290)를 효율적으로 구매하는 방법이 있나요?	올림푸스 290 풀 세트는 신품 약 1.75~2억 원, 중고 약 1억 원입니다. 비용 절감을 위해 본체(프로세서)는 화질이 중요하므로 290으로 구매하고, 스코프는 하위 모델인 260을 호환하여 사용하는 방법이 일반적이에요. 스코프는 세척을 반복하여 고장이 잦지만, 본체는 잘 고장나지 않아 한 번 사면 오래 쓸 수 있습니다. 290이 단종되고 1500(엑스원)이 출시되면서 중고가가 점차 하락할 전망이므로 시기를 지켜보는 것도 방법입니다.
qa-799	의료기기	사업적 요구	내과	맘모그라피(유방촬영기) 구매를 보류해도 되나요?	맘모그라피는 신품 4~5천만 원으로 고가이지만 내과에서 수익 구조가 아닌 구색 맞추기 장비입니다. 중고(디지털형)는 거의 나오지 않아 구하기 어려워요. 노년층 중심 상권이라면 유방암 검진 수요가 낮을 수 있으므로, 차폐 공사(방사선 차폐)만 미리 해놓고 중고가 나올 때까지 보류하는 원장님이 많습니다. 아날로그식은 약 1,500만 원 수준이지만 필름을 매번 교체해야 하는 불편이 있습니다.
qa-800	의료기기	법규/규제	공통	의료기기 구매 시 리베이트 규정은 어떻게 되나요?	현재 정부가 의료기기 리베이트 단속을 강화하고 있어, 업체가 장비를 공짜로 제공하거나 소모품을 빼주는 행위는 불법입니다. 합법적인 방식으로는 데이터 구매 구조(장비 사용 데이터를 월 정기적으로 구매하는 형태)가 가능하며, 키메스(의료기기 박람회) 행사가를 활용하면 정상 할인을 받을 수 있습니다. 견적 비교 시에는 반드시 2~3곳 이상에서 받아보고, 타 업체 견적을 활용해 추가 협상하는 것이 효과적입니다.
qa-801	의료기기	업체 솔루션	내과	PACS(의료영상저장전송시스템)는 일시불과 월 구독 중 어떤 게 유리한가요?	PACS 일시 구매가는 약 220만 원이며, 월 구독 방식은 약 33,000원(MD패드, 심평원 진료연계시스템 포함)입니다. 5년간 구독 시 총 비용이 약 198만 원으로 일시불과 비슷한 수준이에요. 월 구독은 초기 투자 부담이 적고 유지보수가 포함되는 장점이 있으며, 부가 서비스(MD패드, 심평원 연동)가 무료로 제공되는 프로모션이 있으므로 비교 후 결정하세요.
qa-802	의료기기	업계 표준	내과	의료기기 업체는 인테리어 착공 전에 정해야 하나요?	네, 의료기기 업체는 인테리어 착공 전까지 정하는 것이 좋습니다. 장비 사이즈, 전력 요구 사항, 배치 위치 등을 인테리어 도면에 반영해야 하기 때문이에요. 특히 엑스레이의 차폐 공사, BMD의 설치 면적, 내시경실 배관 등은 사전에 확정되어야 합니다. 기기 업체가 정해지면 담당자가 사이즈와 스펙을 인테리어 팀에 넘겨 도면을 함께 조율하므로, 최소 착공 일주일 전까지는 업체를 결정해 주세요.
qa-803	인테리어	업계 표준	치과	기계실 소음이 진료실로 전달되지 않게 하려면 어떻게 설계해야 하나요?	기계실(컴프레서, 석션 등) 소음 차단을 위해 진료실과 맞닿는 벽면에 방음 처리를 강화하고, 기계실 출입문은 진료실 방향이 아닌 복도 쪽으로 내는 것이 효과적입니다. 문이 열릴 때 소음이 직접 전달되는 것을 차단할 수 있어요. 추가로 기계실 내부에 방진 패드를 설치하면 진동 소음도 줄일 수 있습니다.
qa-804	인테리어	업계 표준	치과	소독실 공간이 좁을 때 수납을 효율적으로 구성하는 방법은?	소독실은 도면상 좁아 보여도 상부장(벽 상단 수납)과 하부장(카운터 하단 수납)을 모두 설치하면 실제로 장비와 소독 용품을 충분히 수납할 수 있습니다. 오토클레이브, 초음파 세척기 등 필수 장비의 사이즈를 사전에 확인하고 도면에 반영해야 하며, 작업 동선(오염 구역  세척  멸균  보관)이 한 방향으로 흐르도록 배치하는 것이 위생적입니다.
qa-805	인테리어	업계 표준	공통	원장실에서 진료실까지의 동선은 어떻게 설계하는 것이 좋은가요?	원장실은 복도를 통해 진료실로 바로 나갈 수 있는 위치에 배치하는 것이 이상적입니다. 환자 대기 공간을 거치지 않고 이동할 수 있어 동선이 효율적이에요. 원장실 내부에는 옷장 등을 매립(벽체에 넣는 방식)으로 설치하면 공간을 절약하면서 깔끔한 마감이 가능합니다. 원장실 위치 결정 시 창문 유무, 환기, 소음 등도 함께 고려해야 합니다.
qa-806	인테리어	업체 솔루션	공통	병원 인테리어 마감재 톤은 어떻게 선택하나요?	마감재 톤은 진료과의 성격과 타겟 환자층에 맞춰 선택합니다. 차분하고 신뢰감 있는 분위기를 원하면 그레이 톤이나 딥 우드(짙은 원목 계열)가 적합하며, 밝고 깨끗한 느낌을 원하면 화이트 베이스에 포인트 컬러를 넣는 방식이 좋아요. 인테리어 업체에서 마감재 샘플(타일, 벽재, 바닥재)을 준비해 오므로 실물을 보고 선택하는 것이 중요하며, 조명 색온도에 따라 같은 마감재도 다르게 보일 수 있어 조명과 함께 확인하세요.
qa-807	마케팅	업체 솔루션	공통	간판 크기 규제가 있을 때 가독성을 높이는 방법은 무엇인가요?	간판 크기를 법적 규정 내로 유지하면서도 가독성을 높이려면, 배경색을 어둡게 하고 글자를 채널 간판(입체 글자)으로 제작하는 것이 효과적입니다. 채널 간판은 글자 자체가 입체적으로 돌출되어 LED 조명이 들어가므로, 같은 크기라도 평면 간판 대비 멀리서 훨씬 잘 보여요. 배경과 글자의 명도 대비를 크게 하면 시인성이 더욱 높아집니다.
qa-808	마케팅	법규/규제	공통	상가 번영회나 주변 상인에서 간판 민원이 들어오면 어떻게 대응하나요?	구청 경관심의를 통과한 간판이라면 법적으로 문제가 없으므로, 경관심의 통과 증빙 서류와 시뮬레이션 자료를 준비하여 번영회에 전달하면 됩니다. 간판 업체에서 해당 서류를 준비해 주므로 원장님이 직접 대응할 필요는 적어요. 사전에 관리사무소나 상가 조합과 협의를 거친 경우에는 그 기록도 함께 제시하면 더 효과적입니다.
qa-809	마케팅	법규/규제	공통	간판 조명으로 인한 민원을 예방하려면 어떻게 해야 하나요?	주변에 주거 시설이 있는 경우 간판 조명에 타이머를 설치하여 밤 11시 이후 자동 소등되도록 세팅하는 것이 좋습니다. 이를 사전에 번영회나 관리사무소에 안내하면 민원을 예방할 수 있어요. 빛 공해에 민감한 지역에서는 조명 밝기 조절(디밍) 기능을 추가하거나, 야간에는 밝기를 낮추는 방식도 활용할 수 있습니다.
qa-810	마케팅	법규/규제	공통	옥상 간판 설치가 안 되는 경우는 어떤 경우인가요?	건물이 준주거지역에 위치한 경우 높이 제한으로 인해 옥상 간판 허가가 나지 않을 수 있습니다. 옥상 간판은 가시성이 가장 높지만 용도지역에 따라 설치 자체가 불가능하므로, 보건소와 구청에 사전 확인이 필수예요. 옥상 간판이 불가할 경우 전면 간판의 글자 크기를 최대치로 키우고, LED 투광기를 간판 위아래에 모두 설치하여 야간 가시성을 보완하는 전략이 효과적입니다.
qa-811	마케팅	업체 솔루션	공통	돌출 간판(측면 간판)은 어떻게 디자인해야 효과적인가요?	돌출 간판은 보행자 눈높이에 맞춰 세로로 길게 제작하면 시인성이 높아집니다. 건물 전면이 도로에서 잘 보이지 않거나 건물이 안쪽으로 들어가 있는 경우에 특히 효과적이에요. 전면 간판과 동일한 색상 톤(예: 네이비)으로 통일하고, 폰트 두께를 두껍게 하면 가독성이 더욱 높아집니다. 다만 돌출 간판은 건물 관리사무소 허가가 별도로 필요한 경우가 있으니 사전에 확인하세요.
qa-812	마케팅	업체 솔루션	공통	실내 현판과 안내 사인물은 어떤 소재로 제작하나요?	실내 현판은 골드 스테인리스로 제작하면 고급스러운 느낌을 줄 수 있으며, 층별 안내도와 호실 번호표도 같은 톤으로 통일하면 전체적인 일관성이 높아집니다. 소재는 스테인리스(골드/브론즈), 아크릴 도장, 메탈 등 다양하며, 인테리어 마감재 컨셉과 맞추는 것이 중요해요. 조명 사인(간접 조명이 들어가는 현판)을 추가하면 더욱 세련된 분위기를 연출할 수 있습니다.
qa-813	인테리어	법규/규제	공통	병원에 제연 설비가 필요한 경우는 언제이고 비용은 어떻게 되나요?	병원이 위치한 층의 면적이 일정 기준 이상(보통 200제곱미터 이상)이면 소방법에 따라 화재 시 연기를 배출하는 제연 창과 덕트 시설을 반드시 설치해야 합니다. 초기 비용이 발생하지만, 준공 검사 시 제연 설비가 미비하면 허가 자체가 나지 않으므로 필수 사항이에요. 소방 주무관과 사전에 협의하여 제연 창 개수와 위치를 확정하고, 인테리어 도면에 반영해야 합니다.
qa-814	인테리어	업계 표준	공통	환자 동선과 의료진 동선을 분리하는 것이 왜 중요한가요?	환자 동선과 의료진 동선을 분리하면 진료 효율이 크게 높아지고 동선 충돌이 방지됩니다. 환자는 대기실에서 진료실로 직접 이동하도록 설계하고, 의료진은 뒤쪽 전용 복도를 통해 이동하는 구조가 이상적이에요. 이렇게 분리하면 환자 프라이버시도 보호되고, 의료진이 기구나 장비를 이동할 때 환자와 마주치지 않아 위생적으로도 유리합니다.
qa-815	인테리어	업체 솔루션	공통	소독실이 진료실에서 멀 때 동선 문제를 해결하는 방법은?	메인 소독실이 진료실에서 먼 경우, 중앙에 보조 소독 공간을 추가로 배치하면 동선 문제를 해결할 수 있습니다. 보조 소독 공간에서는 간단한 기구 세척과 소독을 처리하고, 정밀 멸균(오토클레이브 등)은 메인 소독실에서 진행하는 구조예요. 이렇게 이원화하면 의료진이 진료 중간에 메인 소독실까지 왕복하는 시간을 절약할 수 있어 진료 효율이 높아집니다.
qa-816	인테리어	사업적 요구	치과	진료실 체어 대수를 나중에 확장할 계획이 있다면 도면 설계 시 어떻게 해야 하나요?	개원 초기에는 필요한 만큼의 체어 대수로 시작하되, 향후 확장 가능성이 있다면 도면 설계 단계에서 1~2대 추가 공간을 미리 확보해 두는 것이 좋습니다. 나중에 벽을 허물거나 배관을 새로 뚫는 공사는 비용과 시간이 크게 들기 때문이에요. 예를 들어 체어 6대로 시작하더라도 7대까지 들어갈 공간을 비워 두면, 환자가 늘었을 때 큰 공사 없이 바로 증설할 수 있습니다.
qa-817	인테리어	업계 표준	공통	소독실 동선을 오염 기구와 멸균 기구로 분리하려면 어떻게 설계하나요?	소독실에 문을 양쪽으로 설치하여 오염 기구 수거 동선과 멸균 기구 반출 동선을 완전히 분리하는 것이 가장 효과적입니다. 한쪽 문은 진료실에서 사용한 오염 기구가 들어오는 입구, 반대쪽 문은 멸균 완료된 기구가 나가는 출구로 사용하면 교차 오염 위험이 줄어들어요. 이 구조를 원웨이 동선(One-way flow)이라 하며, 보건소 실사 시에도 높은 평가를 받을 수 있습니다.
qa-818	의료기기	업체 솔루션	치과	EMR(전자차트) 도입 시 태블릿 기반 펜차트 기능의 장점은 무엇인가요?	태블릿 기반 펜차트 기능을 사용하면 진료 중 환자에게 직접 화면을 보여주며 설명하고, 동의서도 태블릿에서 바로 전자 서명을 받을 수 있어 업무 효율이 크게 높아집니다. 체어마다 태블릿 거치대를 설치하면 원장님이 진료하면서 바로 차팅이 가능하고, 종이 차트 대비 데이터 관리와 검색이 편리해요. 개원 초기에는 EMR 업체에서 직원 교육까지 직접 제공하므로 기계에 익숙하지 않아도 걱정하지 않으셔도 됩니다.
qa-819	의료기기	업체 솔루션	공통	EMR 시스템과 온라인 예약(카카오톡, 네이버)을 연동하면 어떤 효과가 있나요?	EMR 시스템과 카카오톡 예약, 네이버 예약을 연동하면 환자가 온라인으로 예약할 때 자동으로 전자차트에 등록되어 데스크에서 일일이 수동 입력할 필요가 없습니다. 예약 누락이나 중복 예약도 방지할 수 있어요. 또한 신규 환자 유입 경로(카카오, 네이버, 직접 방문 등)를 데이터로 확인할 수 있어 마케팅 효과 분석에도 활용 가능합니다. EMR 선택 시 이러한 연동 기능 여부를 반드시 확인하세요.
qa-820	의료기기	업계 표준	공통	EMR용 PC 사양은 인테리어 설계 시 왜 미리 체크해야 하나요?	EMR 도입 시 데스크용 PC와 진료실 내 태블릿/모니터 등의 사양과 개수를 인테리어 설계 전에 확정해야 합니다. 전원 콘센트 위치, 랜선(네트워크) 배선, 태블릿 거치대 설치 위치 등이 도면에 반영되어야 하기 때문이에요. 특히 진료 장비(파노라마, 초음파 등)와 EMR 간 연동이 필요한 경우 장비별 호환 사양도 사전에 확인해야 설치 후 문제가 발생하지 않습니다.
qa-821	마케팅	업체 솔루션	미용	병원 간판에 영문 로고와 한글 병원명을 함께 넣는 전략은 어떻게 하나요?	영문과 한글을 모두 노출하고 싶다면 영문을 폰트형 로고로 디자인하여 크게 배치하고, 한글 병원명은 작게 아래에 넣는 방식이 효과적입니다. 이 경우 영문이 상표 등록된 로고여야 의료법상 문제가 없어요. 심볼 로고와 폰트 로고를 함께 사용하면 브랜드 인지도를 높이면서도 법적 요건을 충족할 수 있습니다. 특히 피부과 등 미용 진료과는 영문 로고가 고급스러운 이미지를 줄 수 있어 많이 활용됩니다.
qa-822	마케팅	법규/규제	미용	피부과 전문의 빨간 딱지(전문의 표시)는 간판에 꼭 넣어야 하나요?	피부과 전문의 표시(빨간 딱지)는 법적 의무는 아니지만, 환자 신뢰도를 높이는 데 효과적입니다. 빨간색이 가장 눈에 들어오고 임팩트가 강해 대부분 빨간 딱지를 선택하며, 하얀 딱지도 가능하지만 시인성이 떨어져요. 빨간색이 간판 전체 색상과 어울리지 않는 경우 컬러를 살짝 조정(채도 낮추기 등)하여 조화를 맞출 수 있습니다. 이 표시는 외부 간판보다 내부 사인에 넣는 것이 더 자연스러운 경우도 있습니다.
qa-823	마케팅	업체 솔루션	공통	건물 외관 규제가 엄격할 때 내부 LED를 활용한 간판 대안은 무엇인가요?	건물주가 외부 간판을 제한하는 경우, 원웨이 필름(뽕뽕 뚫린 시트지)에 내부 LED 조명을 결합하면 효과적인 대안이 됩니다. 주간에는 외부에서 디자인이 보이면서 내부에서는 거의 100% 투과되어 개방감이 유지되고, 야간에는 내부 조명이 켜지면서 간판 효과가 극대화돼요. 건물주에게는 안에다 설치하며 건물 외관을 해치지 않는다고 협의하면 승인받기가 수월합니다. 경관 바(조명 바)를 간판 하단에 추가 설치하면 야간 가시성이 더욱 높아집니다.
qa-824	마케팅	업체 솔루션	공통	간판 소재로 티타늄 골드를 사용해도 되나요?	티타늄 골드(거울처럼 빛나는 금속 소재)는 고급스러운 느낌을 주지만, 전면에서 조명이 나오지 않아 야간 가시성이 크게 떨어집니다. 조명을 뒤로 쏘는 간접 조명만 가능하므로 병원 간판으로는 추천하지 않는 편이에요. 가장 안전하고 실패 없는 색상은 흰색으로, 야간 조도도 가장 높고 어떤 서체와도 잘 어울립니다. 고급스러운 느낌을 원하면 흰색 글자에 어두운 배경을 조합하는 것이 효과적입니다.
qa-825	마케팅	법규/규제	공통	간판 크기 규정(45cm)을 초과하면 실제로 단속되나요?	법규상 간판 글자 크기는 45cm 이하가 원칙이지만, 현실적으로 대기업(은행, 스타벅스 등)을 제외한 99%의 매장이 이 규정을 초과하여 설치하고 있습니다. 공무원이 먼저 문제 삼는 경우는 거의 없으며, 대부분 경쟁 업체의 민원 신고로 단속이 이루어져요. 신고가 들어오면 벌금(과태료)을 납부하게 되는데, 이를 광고비로 생각하는 원장님이 많습니다. 다만 지나치게 크거나 화려한 간판은 민원 대상이 되기 쉬우므로, 적절한 수준에서 디자인하는 것이 안전합니다.
qa-826	의료기기	업계 표준	공통	병원 PC 구성은 어떻게 하는 것이 좋은가요?	병원 PC는 서버급 PC 1대를 중심으로 나머지는 일반 업무용 PC로 세팅하는 것이 일반적입니다. 서버 PC에 EMR 데이터와 영상이 저장되고 각 PC에서 접속하는 구조예요. 진료실 체어마다 PC가 필요하며 모니터는 21:9 와이드 모니터를 사용하면 차트와 엑스레이를 동시에 띄울 수 있어 편리합니다. 데스크와 상담실은 듀얼 모니터가 업무 효율이 높지만 체어 쪽은 공간 제약으로 와이드 싱글이 더 적합합니다.
qa-827	의료기기	업계 표준	공통	병원 네트워크 배선은 어떻게 설치해야 하나요?	네트워크 배선이 꼬이면 병원 업무 전체가 마비될 수 있으므로 인테리어 업체와 사전 협의하여 천장 덕트를 통해 배선하고 각 방마다 랜선 포트를 넉넉하게 확보해야 합니다. 와이파이는 고성능 AP를 중간중간 설치하여 음영 지역 없이 커버해야 해요. 보안을 위해 환자용 와이파이와 업무용 와이파이를 반드시 분리하여 운영하세요.
qa-828	의료기기	업체 솔루션	공통	병원 IT 시스템의 유지보수 비용 구조는 어떻게 되나요?	IT 유지보수는 보통 월 정액제로 운영되며 원격 지원이 기본이고 하드웨어 문제 발생 시 기사 방문 수리가 포함됩니다. 초기 세팅비에는 EMR 프로그램 라이선스와 PC 설치비 및 네트워크 구축비가 포함되어 있어요. 월 유지보수 비용은 PC 대수와 네트워크 규모에 따라 달라지며 계약 전에 원격 지원 범위와 방문 응답 시간을 확인하는 것이 중요합니다.
qa-829	인테리어	사업적 요구	미용	기존 임차인의 냉난방기를 인수하는 것이 유리한가요?	신규 냉난방기 설치 시 4000~5000만원 이상이 소요되는 반면, 기존 임차인의 냉난방기를 인수하면 협상에 따라 수백만원 수준에서 해결할 수 있습니다. 사용 연수(4년 이하), 고장 이력, 에어컨 청소 상태를 확인하고, 인테리어 업체의 의견도 참고하여 인수 여부를 판단하세요. 철거비용과 인수비용을 상계하는 협상 방식도 효과적입니다. 다만 인수 시 향후 고장 책임은 본인에게 있으므로 상태 점검이 중요합니다.
qa-830	인테리어	법규/규제	공통	병원 테라스(베란다) 확장 시 법적으로 주의할 점은 무엇인가요?	지식산업센터나 상업 건물의 테라스는 보통 서비스 면적으로, 전용면적으로 확장 사용하는 것이 법적으로 제한될 수 있습니다. 특히 병의원은 개설 시 보건소와 소방서 현장 실사가 있어 면적 확인을 받으므로, 사무실과 달리 문제가 될 수 있어요. 건축물 현황도를 발급받아 면적 용도를 확인하고, 관리소와 사전 협의가 필수입니다. 실사 시 가설벽체로 가렸다가 이후 철거하는 방법을 쓰는 경우도 있습니다.
qa-831	인테리어	업체 솔루션	공통	병원 전기 증설은 언제 필요하고 비용은 얼마나 드나요?	의료장비, 에어컨, 조명 등 모든 전기기기의 소비량을 합산하여 기존 전기 용량을 초과하면 증설이 필요합니다. 전기 배선은 40KW60KW80KW100KW 단위로 증설 가능하며, 비용은 공사비(약 430만원 내외)와 월 기본요금 증가(증설분 KW약 1만원)로 구성됩니다. 유사 면적 피부과는 대부분 60KW이며, 추후 장비 추가를 감안해 여유 있게 증설하는 것이 좋습니다. 건물 전체 용량에 영향을 주므로 관리소 협의가 필수입니다.
qa-832	행정	법규/규제	공통	전 임차인과의 원상복구 비용 협상은 어떻게 하나요?	전 임차인이 철거를 완료하지 않거나 시설물(천장, 벽체, 시트지 등)이 남아 있는 경우, 인테리어 업체에서 원상복구 견적서를 받아 전 임차인에게 비용을 청구할 수 있습니다. 이행확약서를 작성하여 철거 기준(이전 사진 기준 vs 현재 상태 기준)을 명확히 하고, 세금계산서 처리 방식도 세무사와 사전 협의하세요. 바닥 콘크리트 타설 여부 등 세부 사항도 문서화해야 분쟁을 예방할 수 있습니다.
qa-833	인테리어	업체 솔루션	공통	히든도어(숨은 문)의 실용적 문제점과 대안은 무엇인가요?	히든도어는 벽과 동일한 마감으로 깔끔하지만 손잡이가 없어 손으로 밀어야 하므로 지문 자국이 금방 생겨 지저분해질 수 있습니다. 대안으로 금속 푸시플레이트(밀판)를 문에 부착하면 히든도어의 깔끔한 느낌을 유지하면서 오염 문제를 줄일 수 있어요. 또한 슬라이딩 도어는 여닫이 도어보다 방음 성능이 떨어지므로, 수면마취실 등 소음이 발생하는 공간에는 여닫이 도어가 적합합니다.
qa-834	인테리어	업체 솔루션	공통	병원 입구 유리가 너무 투명해서 환자가 부딪히는 문제는 어떻게 해결하나요?	투명 유리 입구에 로고만 넣으면 내부가 밝을 때 인식이 안 되어 환자가 충돌할 수 있습니다. 하단에 그라데이션 시트지를 높이 900mm 정도로 부착하면 시야를 과도하게 가리지 않으면서 유리 존재를 인식할 수 있어요. 라인 시트지는 잘 안 보이므로 그라데이션 타입이 효과적이며, 설치 후에도 외부에서 내부가 보여 개방감은 유지됩니다.
qa-835	마케팅	업체 솔루션	공통	건물 현수막 광고 비용 구조와 진행 방법은 어떻게 되나요?	건물 외벽 현수막 광고는 관리단(관리사무소)에 광고비를 납부해야 하며, 보통 1면당 10일에 7만원 내외입니다. 3면 진행 시 한 달에 약 42만원 정도 소요돼요. 현수막은 벽면 훼손 없이 설치 가능하며, 인테리어 업체나 간판 업체에서 실측 후 제작합니다. 개원 홍보용으로 병원명, 진료과목, 원장 사진, QR코드 등을 넣어 사전 마케팅 효과를 극대화할 수 있습니다.
qa-836	인테리어	업계 표준	공통	소독기(오토클레이브)는 왜 독립 전기 배선이 필요한가요?	소독기(오토클레이브)는 소비전력이 2.7KW 이상으로 높아 일반 콘센트에서 지속적으로 사용하면 과부하가 걸릴 수 있습니다. 따라서 소독기 전용 단독 콘센트(독립 배선)를 설치해야 안전합니다. 인테리어 설계 시 소독기 위치를 먼저 확정하고 해당 위치에 단독 전기를 배선해야 하며, 추후 소독기 위치를 변경하려면 추가 전기 공사가 필요할 수 있으니 처음부터 신중하게 결정하세요.
qa-837	인테리어	업체 솔루션	공통	병원 맞춤 가구 제작은 어떤 프로세스로 진행되나요?	맞춤 가구 제작은 보통 계약금(디파짓) 입금  현장 실측  디자인 스케치 및 사이즈 확정  공장 제작(재단도장원단 작업)  납품설치 순서로 진행됩니다. 계약금 입금 후 공장 제작 일정을 먼저 확보하고, 현장 실측은 목공 작업 완료 후에 하는 것이 정확합니다. 일정이 촉박할 경우 사이즈 확정 전에 재단을 먼저 시작하기도 합니다. 세금계산서는 잔금 납부 후 일괄 발행하는 것이 일반적이며, 선수금 별도 발행도 가능합니다.
qa-838	인테리어	업체 솔루션	공통	대기실 소파가 곡선인데 벽체가 직선이면 뒤쪽 빈 공간은 어떻게 처리하나요?	평면도에서는 벽체가 라운드로 설계되어 있어도 실제 시공 시 직선으로 마감되는 경우가 있습니다. 이때 라운드 소파 등받이 뒷부분에 빈 공간이 생기는데, 동일 원단 패브릭으로 등받이보다 살짝 낮게 코너를 채우면 엉성해 보이지 않습니다. 약간의 추가 비용이 발생하지만 완성도를 위해 채우는 것을 추천합니다. 다만 VIP실처럼 밀폐된 공간은 라운드 형태를 자연스럽게 살려 비워두어도 괜찮습니다.
qa-839	인테리어	업체 솔루션	공통	원장 데스크 높이는 어떻게 맞추나요? 키가 큰 원장의 경우는요?	표준 데스크 높이는 73~75cm이며, 상담실 테이블은 74.5cm, 진료실 데스크는 75cm로 제작하는 것이 일반적입니다. 키가 큰 원장(예: 190cm)의 경우 77cm 정도로 높이를 올리는 것을 추천하며, 납품 후 높이가 부족하면 하부에 고임목을 달아 미세 조정이 가능합니다. 80cm 이상은 일반적이지 않으므로 현재 사용 중인 책상에 책 등을 올려 적정 높이를 미리 테스트해 보는 것이 좋습니다.
qa-840	인테리어	업체 솔루션	공통	병원 가구 모서리를 안전하게 처리하는 방법은?	소아 환자나 어린이가 뛰어다니다 부딪힐 위험이 있으므로, 상담 테이블과 진료 데스크 측면에 R100(반지름 100mm) 라운드 처리를 적용하면 안전합니다. 모서리가 뾰족하지 않게 둥글리는 것은 맞춤 가구 제작 시 추가 비용 없이 가능한 경우가 많으며, 특히 상담실원장실부원장실 데스크를 통일된 라운드 규격으로 제작하면 디자인 일관성도 유지됩니다.
qa-841	인테리어	업체 솔루션	공통	병원 맞춤 가구의 도장 마감 색상과 광택은 어떻게 선택하나요?	병원 가구 도장 색상은 백미색(백색에 가까운 미색, 삼화 1011 등)이 가장 무난합니다. 아이보리는 시간이 지나면 누렇게 변색된 것처럼 보일 수 있어 주의가 필요합니다. 광택도는 G40 반무광을 추천하는데, 완전 무광은 스크래치와 지문에 쉽게 노출되고, 유광은 고급스럽지만 호불호가 갈립니다. 도장 위에 우레탄 최종 마감을 하면 내구성이 높아집니다. 블랙 천연무늬목은 고급스럽지만 전체 인테리어 톤과의 조화를 고려해 선택하세요.
qa-842	인테리어	업체 솔루션	공통	대형 맞춤 가구를 엘리베이터로 반입하려면 어떻게 해야 하나요?	엘리베이터가 작은 건물에서는 대형 소파를 2등분으로 분할 제작하여 반입 후 꺽쇠로 고정하는 방식을 사용합니다. 파팅라인(분할선)이 생기지만 시공 후에는 거의 눈에 띄지 않습니다. 제작 단계에서 엘리베이터 크기를 미리 확인하고 분할 계획을 세워야 하며, 계단 반입이 가능한 경우에도 벽면복도 손상 위험이 있으므로 분할 제작이 안전합니다.
qa-843	인테리어	업체 솔루션	공통	맞춤 가구 납품 일정은 인테리어 공사와 어떻게 조율하나요?	가구 납품은 준공청소 다음 날 오전 일찍(7시 전후) 입고하는 것이 이상적입니다. 준공청소 당일은 바닥과 전체 1차 청소가 진행 중이므로 가구가 오염될 수 있습니다. 납품일에는 의료기기, 베드, PC 등 다른 장비도 함께 들어오므로 가구를 먼저 배치하는 것이 동선상 효율적입니다. 현장 문 개방 여부를 미리 확인하고, 아침 일찍 입고하면 건물 혼잡을 피할 수 있습니다. 인테리어 현장 담당자와 가구 업체가 사전에 연락처를 교환하고 공사 진행 상황을 공유하는 것이 중요합니다.
qa-844	행정	업체 솔루션	공통	병원 개원 시 PC 수량은 어떻게 산정하나요?	병원 PC 수량은 업무 공간별로 산정합니다. 피부과 예시로 인포데스크 2대, 상담실 2대, 원장실 1대, 레이저실 1대, 포토룸 1대, 간호준비실 1대 등 총 8~10대가 기본입니다. 부원장실 등 당장 사용하지 않는 공간은 추후 추가 가능하며, 부품 가격 변동이 없는 한 동일한 단가로 추가할 수 있습니다. 견적서에는 기본 유선 키보드와 마우스가 포함되는 것이 일반적이며, PC 케이스 사이즈는 인테리어 데스크 하부 공간에 맞게 사전 확인이 필요합니다.
qa-845	행정	업체 솔루션	피부과	병원용 모니터를 화이트 색상으로 선택할 때 주의할 점은?	병원 인테리어에 맞춰 화이트 모니터를 원하는 경우, LG 24인치 화이트가 가격 대비 가장 합리적입니다. 삼성 화이트 모니터는 27인치부터만 있고 20만원 후반대로 비싸며, 스마트 모니터 기능이 포함되어 병원 업무용으로는 불필요한 기능이 많습니다. 필립스도 24인치 화이트 모델이 있으나 동일 가격대입니다. 모니터 색상브랜드를 전 룸 통일하면 깔끔한 인테리어가 유지됩니다.
qa-846	행정	업체 솔루션	공통	병원 네트워크(Wi-Fi AP) 설치는 인테리어 공사와 어떻게 조율하나요?	천장형 AP(무선 액세스 포인트) 위치를 먼저 도면에 표기하고 인테리어 업체에 전달해야 합니다. KT 인터넷 라인 공사는 인테리어 현장 소장과 IT 업체가 직접 통화하여 통신선 배관 위치를 조율하며, 내부 네트워크 배선은 인테리어 마감 공사 후에 진행됩니다. 통신선 작업은 시공 초기에 시작해야 하므로 IT 업체 선정과 미팅을 인테리어 착공 전에 완료하는 것이 중요합니다.
qa-847	행정	업체 솔루션	공통	병원 가전(냉장고, 세탁기, 건조기)은 어디서 구매하는 게 유리한가요?	냉장고는 인터넷 쇼핑몰에서 쿠폰이나 카드 할인을 적용해 직접 구매하는 것이 IT 업체를 통하는 것보다 합리적입니다. 반면 세탁기와 건조기는 인터넷 구매 시 설치 서비스가 제공되지 않을 수 있으므로, 설치까지 포함된 채널을 확인해야 합니다. IT 업체에 가전 구매 대행 및 설치 확인까지 요청할 수 있는지 사전에 확인하면 편리합니다. 가전 설치 일정은 준공청소 후로 맞추는 것이 일반적입니다.
qa-848	행정	업체 솔루션	공통	병원 IT 장비(PC, 네트워크, 서버) 견적은 어떤 항목으로 구성되나요?	병원 IT 견적은 보통 PC 및 전산장비(본체모니터키보드마우스), 네트워크(천장형 AP, UTP 배선, 스위칭 허브), 서버, 복합기 임대, 가전(세탁기건조기냉장고 등)으로 분류됩니다. 각 항목별로 별도 견적서를 받아 비교하며, PC 수랑모니터 사양AP 위치 등은 인테리어 도면 확정 후 최종 조정합니다. IT 장비 설치는 준공청소 다음 날 가구 납품과 함께 진행하면 PC 설치 후 바로 세팅이 가능합니다.
qa-849	인테리어	업체 솔루션	피부과	피부과 관리실 침구는 어떤 색상과 구성으로 선택하나요?	일반 관리실은 웜톤 그레이 스커트 + 화이트 이불 조합이 깔끔하고 고급스럽습니다. VIP실은 일반 관리실과 색상디자인을 분리하면 차별화된 경험을 제공할 수 있고, 침대 토퍼를 추가하면 더 편안한 호텔 침구 느낌을 줄 수 있습니다. 수액실이나 오염이 잦은 공간에는 자가드 침구(오염에 강한 소재)를 추천하며, 색상은 브라운그레이 또는 블루그레이가 무난합니다. 인테리어 톤과의 조화를 위해 침구 업체 디자인팀 의견을 참고하세요.
qa-850	행정	사업적 요구	공통	병원 침구의 여벌 수량은 어떻게 결정하나요?	여벌 수량은 세탁 및 관리 인력 규모에 따라 결정합니다. 세탁 주기가 매일이면 베드 수의 1.5~2배, 격일이면 2~3배가 기본입니다. 침구 견적서에 비고란으로 여벌 수량이 표시되므로 내부적으로 세탁 운영 계획을 먼저 정한 후 수량을 확정하세요. VIP실과 일반실 디자인이 다를 경우 각각 별도로 여벌을 확보해야 하며, 환자용 반바지는 일회용 구매도 고려할 수 있어 세탁 부담을 줄일 수 있습니다.
qa-851	마케팅	업체 솔루션	공통	병원 침구에 로고 자수를 넣을 때 주의할 점은?	이불, 가운, 수건(터번) 등에 로고 자수를 넣으면 브랜드 통일감이 높아집니다. 자수 시안은 심볼형(로고 마크)과 텍스트형 중 선택하며, 수건처럼 작은 면적에는 로고가 깨질 수 있어 영문 크기를 줄이고 심볼을 키우는 방향으로 조정합니다. 자수 색상은 침구 원단과 대비되면서도 은은한 색(예: 백색 자수)이 고급스럽고, 최종 시안 확정 전 로고 AI 파일과 브랜드 가이드를 침구 업체에 미리 전달하세요.
qa-852	인테리어	업체 솔루션	공통	레버형 회복 베드의 침구는 어떻게 제작하나요?	양쪽 레버형 회복 베드는 침대 프레임 전체 사이즈가 아닌 매트리스 사이즈만 기준으로 침구를 제작합니다. 매트리스 커버형으로 제작하면 깔끔하게 고정되며, 팔걸이 부분이 있을 경우 침구를 갈라지게(분리형) 제작해야 합니다. 구매 사이트나 침대 제조사에서 매트리스 규격을 별도로 확인하여 침구 업체에 전달하세요. 일반 굴곡 베드와 회복 베드의 폭이 다를 수 있으므로(700mm vs 850mm) 베드별 스펙을 정리하여 공유하는 것이 중요합니다.
qa-853	행정	업체 솔루션	공통	병원 환자용 가운은 어떤 것을 선택하나요?	그레이 가운이 고급스럽고 오염에 대한 관리가 편해 가장 많이 추천됩니다. 수량은 일반 사이즈 20벌 + 빅사이즈(남성용) 5벌 정도가 기본이며, 세탁 주기에 따라 여벌을 추가합니다. 환자용 반바지는 세탁 부담이 크므로 일회용 구매를 고려하는 병원도 많습니다. 가운에도 로고 자수를 넣으면 브랜드 일관성이 높아지며, 슬리퍼와 옷걸이는 침구 견적에 포함되지 않으므로 별도로 준비해야 합니다.
qa-854	행정	업체 솔루션	공통	개원 플래너는 구체적으로 어떤 역할을 하나요?	개원 플래너는 인테리어, IT, 간판, 가구, 침구, CRM 등 개원에 필요한 모든 협력업체 미팅을 어레인지하고 견적을 비교 정리해 줍니다. 각 업체별 단톡방을 개설하여 원장님과 업체 간 소통을 중계하고, 전체 일정(착공준공장비 입고오픈)을 조율합니다. 업체 선정 시 노션 페이지 등으로 각 업체 포트폴리오를 사전 공유하고, 미팅 전 원장님이 검토할 자료를 미리 전달하는 등 의사결정을 돕는 역할입니다. 인테리어 현장 방문, 소방/보건소 실사 일정 관리까지 포함됩니다.
qa-855	인테리어	업계 표준	공통	인테리어 착공부터 준공까지 주요 마일스톤은 어떻게 되나요?	일반적으로 착공 후 약 7~8주 만에 준공됩니다. 주요 마일스톤은 착공  먹 미팅(벽체 위치 확인)  마감재 미팅(타일도장바닥재 선택)  제작가구 미팅  소방 점검 및 보건소 실사  준공청소  장비가구IT 입고 순입니다. 예시로 9월 22일 착공  10월 5~7일 소방/보건소  11월 10일 준공청소  11월 11일 장비 입고로 진행됩니다. 각 미팅 시점에 원장님 피드백을 반영할 수 있도록 플래너가 일정을 조율합니다.
qa-856	인테리어	업체 솔루션	피부과	전열교환기는 어떤 공간에 설치하고 비용은 얼마인가요?	전열교환기는 실내 공기질 관리와 환기 효율을 높이기 위한 필수 설비로, 레이저실(시술 시 연기냄새 발생), 원장실, 직원실, 부원장실 등 3~4실에 분리 시공하는 것이 일반적입니다. 예상 비용은 약 300~400만원 수준이며, 인테리어 착공 시 배관 설계에 포함되어야 합니다. 특히 레이저 시술이 많은 피부과는 환기 시스템이 환자 경험과 직원 근무 환경에 직접 영향을 미치므로 필수 항목입니다.
qa-857	인테리어	업체 솔루션	공통	병원 파우더룸을 차별화하는 디자인 포인트는?	파우더룸은 환자가 가장 자주 사용하는 공간 중 하나로, 브랜드 아이덴티티와 직결됩니다. 차별화 포인트로 세면대를 한쪽에 치우치지 않게 중앙 배치하고 매립형 또는 독특한 쉐입의 탑볼을 사용, 거울을 기존보다 크게 비정형 쉐입으로 제작, 플랜테리어(화분)를 제거하고 미니멀하면서 세련된 마감으로 연출하는 방향이 효과적입니다. 평범한 디자인은 환자 만족도를 떨어뜨리므로 메인 대기실 다음으로 임팩트를 주어야 할 핵심 공간입니다.
qa-858	인테리어	업체 솔루션	공통	스타코 마감이란 무엇이고 어디에 적용하나요?	스타코(Stucco)는 석재 느낌의 질감을 내는 도장 마감 기법으로, 중후하고 고급스러운 분위기를 연출합니다. 병원에서는 주로 메인 대기실 벽면에 적용하여 첫인상을 강화합니다. 시공 전 반드시 샘플북을 직접 확인하고, 색상질감패턴을 선택해야 합니다. 일반 도장보다 비용이 높지만 공간의 품격을 크게 높여주며, 바리솔 조명 벽체 등과 조합하면 더욱 효과적입니다.
qa-859	인테리어	업체 솔루션	피부과	수면마취 시 억제대용 침구는 어떻게 제작하나요?	수면마취 시 허벅지 억제대가 필요한 시술 베드의 경우, 시트 침구에 억제대가 통과할 수 있도록 지퍼형 개구부를 만들 수 있습니다. 억제대 폭이 약 15cm이면 여유 있게 20cm 정도로 지퍼 구간을 설계합니다. 찍찍이(벨크로)보다 지퍼가 깔끔하고 내구성이 좋아 추천됩니다. 침대 모델별로 억제대 위치가 다르므로, 침구 업체에 침대 사진과 억제대 위치를 정확히 공유해야 합니다.
qa-860	마케팅	업체 솔루션	공통	침구 자수 디자인 시 로고가 깨지지 않으려면 어떻게 해야 하나요?	자수는 심플할수록 품질이 좋습니다. 작은 글씨나 흘림체(필기체)가 겹치면 자수 시 깨져서 가독성이 떨어집니다. 이불에는 심볼 로고 + 영문 텍스트 조합이 가능하지만, 가운처럼 작게 들어가는 곳에는 영문 로고만 넣는 것이 깔끔합니다. 자수 크기는 수건 기준 5~6cm, 가운 기준 7~8cm가 적당하며, 로고팀과 침구 업체가 함께 시안을 조율하는 것이 좋습니다. 자수 색상은 원단과의 대비를 고려하여 선택하세요.
qa-861	마케팅	업체 솔루션	공통	개원 선물용 로고 타올은 어떻게 준비하나요?	개원 선물로 페이셜 타올이나 손 타올에 로고 자수를 넣어 200개 내외로 제작하는 것이 일반적입니다. 색상은 화이트가 예쁘지만 때가 잘 타고, 그레이가 실용적이고 무난합니다. 그레이 타올에 화이트 자수 조합이 가장 많이 선택됩니다. 견적은 별도로 받으며, 자수 도안 확정 후 약 1~2주 제작 기간이 필요합니다. 침구 업체에서 함께 제작 가능하므로 별도 업체를 찾을 필요 없이 한 번에 발주할 수 있습니다.
qa-862	인테리어	업체 솔루션	공통	스커트 뚜껑(침대 오염 방지 커버)이란 무엇인가요?	스커트 뚜껑은 침대 스커트 위에 덮는 시트 커버로, 시술 중 오염으로부터 스커트를 보호합니다. 면 소재로 세탁이 가능하며, 방수 재질은 아닙니다. 머리쪽 비닐 커버(헤드 커버)와는 별개 제품이며, 비닐 커버는 침구 업체에서 제작하지 않는 경우가 많으므로 별도로 구매해야 합니다. 스커트는 침대 실측 후 맞춤 제작되므로, 침대 입고일에 침구 업체가 현장에서 실측하고 약 2~3일 내 제작 완료됩니다.
qa-863	행정	업체 솔루션	공통	시술 베드에 전기장판을 설치할 때 추천 제품은?	대부분의 병원에서는 미니 전기 패드를 시술 베드에 사용합니다. 독일 보이러(Beurer) 제품이 품질이 좋다고 알려져 있으며, 코스트코나 인터넷에서 저렴하게 구매할 수 있습니다. 전기장판 위에 침구를 세팅하므로 침구 사이즈에 영향을 주지는 않지만, 두께감이 추가되므로 스커트 높이를 조정할 필요가 있을 수 있습니다. 환자 체온 유지를 위해 겨울철 필수 장비입니다.
qa-864	행정	업체 솔루션	공통	병원 대표 전화번호는 어떻게 선택하나요?	IT 업체에 요청하면 KT(올레), LG, SK 통신사별로 사용 가능한 번호 목록을 조회해 줍니다. 병원 전화번호는 환자가 기억하기 쉬운 번호(예: 끝자리 0082, 1888, 8777 등)를 선택하는 것이 좋으며, 통신사별로 가용 번호가 다르므로 미리 조회하여 비교하세요. 다른 업체에서 이미 번호를 확보해 둔 경우 해당 번호도 함께 확인 요청할 수 있습니다. 번호 확정 후 인터넷 전화 배선은 인테리어 공사와 병행하여 진행됩니다.
qa-865	행정	업체 솔루션	공통	병원 사이니지(디지털 디스플레이)는 어떻게 설치하나요?	사이니지는 대기실이나 엘리베이터 앞 등에 설치하여 병원 정보시술 안내를 표시합니다. 세로형 설치가 많으며 55~65인치가 일반적입니다. 벽 매립이 가능하면 깔끔하지만, 구조상 어려울 경우 액자형 벽 밀착 브라켓을 사용합니다. 인테리어 디자인 확정 전에 HDMI 배선 위치를 미리 잡아야 하며, 사이니지 위치가 변경되면 견적과 배선 도면도 함께 수정해야 합니다. 삼성 상업용 디스플레이가 많이 사용됩니다.
qa-866	행정	업체 솔루션	공통	병원 직원 간 무전기는 어떤 것을 사용하나요?	병원에서는 에이치와이시스템 나노N2 모델이 가장 많이 사용됩니다. 이어폰(경호용 이어피스) 포함 약 7만원 내외이며, 인터넷 최저가보다 약간 비싸더라도 IT 업체 거래처를 통해 구매하면 불량 시 즉시 교환 등 사후 관리가 용이합니다. 수량은 원장간호사상담실 인원수에 맞춰 7~10개 정도가 기본이며, 이어폰은 소모품이므로 여유분을 추가로 확보하세요. 콜벨(환자 호출 버튼)과 함께 운영하면 진료실 커뮤니케이션이 효율적입니다.
qa-867	행정	업체 솔루션	공통	쇼케이스 냉장고의 문 방향은 어떻게 결정하나요?	쇼케이스 냉장고의 문 방향은 설치 위치의 벽과 동선을 기준으로 결정합니다. 벽이 왼쪽에 있으면 좌우 열림(손잡이 오른쪽), 벽이 오른쪽이면 우좌 열림이 편리합니다. 다만 브랜드모델에 따라 문 방향이 고정(한 방향만 가능)인 제품이 있으므로, 평면도를 IT 업체에 미리 공유하여 적합한 모델을 선택하세요. 간호준비실과 관리준비실처럼 2대를 설치할 경우 각각 다른 방향이 필요할 수 있으니 도면 기준으로 확인이 필수입니다.
qa-868	행정	업체 솔루션	피부과	피부과에서 태블릿은 어떤 용도로 사용하고 추천 사양은?	피부과에서 태블릿은 시술 동의서 전자 서명, 환자 상담 시 사진 비교, 시술 안내 영상 재생 등에 활용됩니다. 갤럭시탭 S10 FE 또는 S10 FE+ 정도가 적합하며, Wi-Fi 전용 모델이면 충분합니다. S펜이 포함된 모델은 동의서 서명이나 시술 부위 표시에 유용합니다. 수량은 상담실시술실 수에 맞춰 6~8대가 기본이며, CRM(고객관리시스템)과 연동하면 업무 효율이 크게 높아집니다.
qa-869	마케팅	업체 솔루션	공통	병원 실내 사인물(실명판)의 금속 소재와 두께는 어떻게 선택하나요?	실내 사인물에 사용하는 금속 소재는 블랙 스테인리스, 실버, 로즈골드 등이 있으며, 공간별로 다르게 적용할 수 있습니다. 로비상담실VIP실처럼 임팩트가 필요한 곳은 블랙 스테인리스, 어두운 문에 부착하는 실명판은 가독성을 위해 실버 계열이 추천됩니다. 금속 두께는 VIP실 등 프리미엄 공간은 3T(3mm), 일반 공간은 1.2T가 적당합니다. 금속 색상은 보는 각도와 조명에 따라 느낌이 달라지므로 현장에서 실물 샘플을 확인하는 것이 중요합니다.
qa-870	마케팅	업체 솔루션	공통	유리벽 로고 시트 색상을 브랜드 컬러로 맞추려면 어떻게 하나요?	유리벽에 부착하는 로고 시트는 두 가지 방식이 있습니다. 기성 색상 시트(비용 저렴, 색상 제한)와 희망 색상을 인쇄 후 커팅하는 맞춤 방식(비용 추가, 정확한 브랜드 컬러 구현)입니다. 버건디, 골드 등 기성 시트에 없는 브랜드 고유 색상은 맞춤 인쇄 방식을 선택해야 합니다. 시공 후 가시성이 떨어지면 흰색 시트커팅으로 교체할 수 있으므로, 배경색과의 대비를 사전에 확인하세요.
qa-871	행정	법규/규제	공통	병원 사인물 설치 시 소방 심의와의 일정 조율은 어떻게 하나요?	병원 개원 전 소방점검(심의)에서는 각 실의 용도를 표시한 실명판이 있어야 합니다. 정식 금속 사인물 제작에 시간이 걸리므로, 먼저 임시 한글 실명 시트를 부착하여 소방 심의를 통과한 후 정식 사인물을 시공하는 방식이 일반적입니다. 일정은 인테리어 마감  임시 실명 시트 부착(심의 전날)  소방 심의 통과  정식 사인물 시공 순서로 진행됩니다. 간판 업체와 인테리어 업체 간 설치 위치 간섭 여부도 사전에 확인해야 합니다.
qa-872	마케팅	업체 솔루션	공통	라이트패널(LED 조명 액자)은 어떤 용도로 사용하고 비용은 얼마인가요?	라이트패널은 LED 백라이트가 내장된 슬림 액자로, 병원 복도나 대기실에 시술 사진, 모델 사진, 시그니처 메뉴 등 홍보 콘텐츠를 전시하는 데 사용합니다. 일반적인 사이즈는 500700mm(외경 기준, 실제 출력물은 480680mm)이며, 내지(포스터) 교체가 쉬워 콘텐츠를 수시로 변경할 수 있습니다. 포스터 인쇄 단가는 장당 약 2.5만원이며, 라이트패널 전용 전기 배선을 인테리어 단계에서 미리 잡아야 합니다.
qa-873	마케팅	업체 솔루션	공통	병원 실명판에 영문 표기는 어떻게 하나요? (원장실, 상담실 등)	병원 실명판의 영문 표기는 브랜드 톤에 맞게 결정합니다. 일반적으로 대표원장실은 CHIEF DR. ROOM, 부원장실은 DR. ROOM, 상담실은 CONSULTATION, VIP실은 VIP 123으로 표기합니다. 번호 앞에 0을 붙이면(01, 02) 디자인적 균형감이 좋지만, 빼도 무방하므로 취향에 따라 선택하세요. 자간(글자 간격)은 간판과 실명판 전체에 통일해야 브랜드 일관성이 유지됩니다.
qa-874	인테리어	업체 솔루션	공통	병원 대기실 소파에 인조가죽과 패브릭 중 어떤 소재가 좋은가요?	직선형 소파는 인조가죽도 무방하지만, 곡선 디자인이 있는 소파는 패브릭(원단)이 적합합니다. 인조가죽은 두께가 있어 곡선 부분에서 주름이 심하게 지고 형태가 제대로 나오지 않습니다. 유지관리가 걱정된다면 우레탄 코팅 원단을 추천합니다. 표면에 코팅이 되어 있어 일반 원단보다 오염 관리가 훨씬 쉽고, 가격도 인조가죽과 거의 비슷합니다.
qa-875	인테리어	업체 솔루션	공통	인포데스크 상판 대리석 패턴은 어떻게 선택하나요?	대리석 상판은 입자(무늬) 크기가 핵심입니다. 입자가 너무 큰 패턴은 인포데스크 크기와 맞지 않아 어색해 보일 수 있으므로 중소 입자 패턴이 무난합니다. 여러 시안을 비교할 때는 가구 업체뿐 아니라 소파아트워크 업체 등 디자인 전문가들의 의견을 함께 들으면 더 균형 잡힌 선택이 가능합니다.
qa-876	인테리어	업체 솔루션	공통	맞춤 소파와 벽면 아트워크(오브제) 사이즈는 어떻게 확정하나요?	현장 실측 후 최종 사이즈를 조정하는 것이 원칙입니다. 벽면 오브제는 벽에 메지(줄눈)가 있을 경우 메지 안에 맞추는 사이즈로 축소 조정하고, 소파는 엘리베이터 앞 셔터나 동선을 침범하지 않는 범위 내에서 길이를 늘리면 공간에 더 잘 맞습니다. 도면상 사이즈와 실제 사이즈가 다를 수 있으므로 제작 전 반드시 현장 실측이 필요합니다.
qa-877	인테리어	업체 솔루션	공통	맞춤 소파 납품 전 품질 검수는 어떻게 하나요?	납품 전 반드시 공장에서 검수를 진행해야 합니다. 특히 코팅 원단은 일반 원단과 달리 주름이 잘 펴지지 않으므로 곡선 부분의 매끄러움을 꼼꼼히 확인하세요. 검수에서 문제가 발견되면 수정을 지시하고 납품일을 조정하는 것이 일반적입니다. 결제는 보통 선금 50%+잔금 50%(납품 시) 구조입니다.
qa-878	인테리어	사업적 요구	공통	기존 임차인의 냉난방기(에어컨)를 인수하는 것이 유리한가요?	신규 냉난방기 설치 시 4000~5000만원 이상 소요되므로, 기존 설비가 4년차 이내이고 고장 이력이 없다면 인수하는 것이 경제적입니다. 인수 가격은 철거 비용과 상계하여 협상하며, 실제 사례에서 900만원 요구를 450만원(반반 부담)으로 조율한 경우가 있습니다. 에어컨 청소만 하면 사용에 문제없다는 전문가 의견도 참고하세요. 인수를 거부하면 전 임차인이 올철거를 선택할 수 있으므로 신속한 협상이 필요합니다.
qa-879	행정	법규/규제	공통	병원 인테리어 시 테라스(베란다) 확장은 가능한가요?	테라스 확장은 주택에서는 일반적이지만, 지식산업센터오피스 건물에서는 법적 근거가 불확실합니다. 관리소는 내력벽이 아니면 가능하다고 하지만, 건축사는 서비스면적이므로 전용면적으로 사용할 수 없다는 의견입니다. 병의원은 개설 시 보건소소방서 현장 실사가 있어 면적 확인이 필요합니다. 해결 방법으로는 건축물현황도로 면적 용도 확인 소방보건소 점검 시 가설벽으로 가려두고 점검 후 철거하는 방식이 실무에서 사용됩니다.
qa-880	행정	업체 솔루션	공통	병원 전기 용량 증설은 어떻게 판단하고 진행하나요?	모든 의료장비에어컨조명전자기기의 소비전력을 합산하여 필요 용량을 계산합니다. 전기 배선 규격은 40kW60kW80kW100kW 단위로 증설 가능합니다. 유사 면적 피부과는 대부분 60kW이며, 모든 기기 동시 100% 가동 기준이므로 실제 사용전력은 더 적습니다. 증설 시 공사비(약 430만원)와 월 기본요금 증가(12kW1만원=12만원/월)가 발생합니다. 추후 장비 추가 가능성을 고려해 한 단계 여유있게 증설하는 것이 좋습니다.
qa-881	행정	법규/규제	공통	병원 소방 점검과 보건소 실사는 어떤 순서로 진행하나요?	개원 전 보건소에 의료기관 개설 신고 소독기 등 필수 장비 반입 소방서 현장 점검(소화기유도등블라인드 등 확인) 보건소 현장 실사 순서로 진행됩니다. 소방 점검일은 보건소 신고 후 소방서에서 연락이 오면 일정을 협의합니다. 테라스 확장 등 특수 시공이 있다면 보건소 실사 완료 후 가설벽 철거가 가능합니다. 인테리어 현장소장이 소방 담당자와 직접 소통하며, 준공 청소 후 2일 내 점검이 일반적입니다.
qa-882	인테리어	업체 솔루션	공통	병원 입구 유리문에 고객이 부딪히는 문제는 어떻게 해결하나요?	투명 유리문에 로고만 부착하면 안이 밝을 때 유리 인식이 어려워 고객이 부딪히는 사고가 발생합니다. 해결 방법으로는 하단 그라데이션 시트 부착(높이 900mm 정도, 시야 확보와 안전 모두 충족) 라인 시트지(효과 약함) 추가 로고 부착 등이 있습니다. 그라데이션 시트가 가장 효과적이며, 높이를 조절하여 개방감을 유지하면서 안전을 확보할 수 있습니다.
qa-883	인테리어	사업적 요구	피부과	피부과 인테리어 시 실배치 변경이 잦은 이유와 대처법은?	피부과는 레이저실리프팅실VIP실처치실관리실 등 다양한 기능의 방이 필요하고, 장비 크기동선확장성 등을 고려하면 설계 단계에서 수차례 변경이 발생합니다. 실제 사례에서 리프팅실 2개1개로 줄이고 그 공간에 1인실+VIP를 배치하거나, 4인 다인실2인 관리실로 변경하는 등 5회 이상 레이아웃 수정이 있었습니다. 대처법: 먹메김(현장 실측 마킹) 전까지는 변경이 자유로우므로 이때까지 확정 먹미팅에서 현장 공간감을 직접 확인 후 최종 결정 배수공사 등 되돌리기 어려운 공정 전에 세면대 방향 등 핵심사항 우선 확정.
qa-884	인테리어	업체 솔루션	공통	병원 인테리어에서 바리솔(투광) 벽체란 무엇이고 설계 시 주의점은?	바리솔은 PVC 시트를 프레임에 팽팽하게 설치하여 뒤에서 조명을 비추는 발광 벽체/천장 마감재입니다. 병원 로비에 사용하면 고급스러운 간접조명 효과와 사인(로고) 백라이트 연출이 가능합니다. 주의점: 벽체 크기에 따라 공간을 차지하므로 인포데스크대기공간과의 균형 필요 축소 시(예: 100cm80cm) 디자인 비율이 달라지므로 3D 비교 필수 인포데스크가 바리솔에서 돌출/파고든 형태에 따라 동선과 시각 효과가 달라짐 천장의 미러솔과 연계하면 층고를 시각적으로 확대할 수 있음.
qa-885	행정	업체 솔루션	공통	병원 인테리어 계약 후 변경사항은 어떻게 정산하나요?	계약 후 레이아웃 변경, 가구 추가/삭제, 마감재 변경 등이 발생하면 시공사에서 변경사항을 정리한 견적서를 별도 제출합니다. 실제 사례에서 디자인이동가구 일체 제외 배수펌프 추가 레이아웃 변경에 따른 가구문짝 수량 변경 화장실 상부 중층 활용 등을 반영하여 계약 금액에서 1,800만원 네고를 적용한 사례가 있습니다. 중도금은 공정률에 맞춰 지급하며, 변경 내역서는 항목별로 상세히 기재됩니다.
qa-886	인테리어	사업적 요구	공통	병원 철거 시 기존 건물의 바닥천장 상태 확인은 왜 중요한가요?	오래된 상가는 여러 차례 덧시공(바닥 높이가 다름, 천장 다중 레이어)이 되어 있어 철거 시 예상치 못한 문제가 나옵니다. 바닥: 높낮이가 달라 평탄화 작업이 필요하며, 철거 후 움푹 패이거나 손상된 부분 보수 필요 천장: 덧시공 흔적으로 전체 철거가 권장되며, 오래된 시설의 안전 문제도 고려 실측: 철거 후 재실측하면 기존 도면과 치수가 달라질 수 있어 평면 수정이 필요합니다. 철거는 보통 5~7일 소요되며, 이후 실측도면 수정먹메김 순서로 진행합니다.
qa-887	인테리어	업체 솔루션	공통	병원 화장실 리모델링 방법과 비용 차이는?	화장실 리모델링은 두 가지 방법이 있습니다. 현 구조 유지+마감 변경: 기존 타일 위에 새 타일을 덧대는 방식으로, 방수작업이 불필요하여 약 1,000만원 수준 전체 벽체 철거+신규 조성: 원하는 레이아웃(칸 추가, 소변기 설치 등)을 새로 만드는 방식으로 벽돌쌓기 비용이 추가되어 약 1,700만원 수준. 배관은 내부 세척 및 일부 보수만으로 재사용 가능합니다. 아래층 같은 구조의 화장실을 참고하면 설계에 도움이 됩니다.
qa-888	브랜딩	업체 솔루션	공통	병원 브랜딩 프로세스는 어떤 순서로 진행되나요?	병원 브랜딩은 보통 다음 순서로 진행됩니다: (1)브랜드 인터뷰 질문지 작성(원장 성향/철학/비전 파악) (2)네이밍 확정 (3)컬러시스템(1차-2차 미세조정) (4)컨셉플래닝+브랜드 스토리/슬로건 (5)로고(폰트형+심볼형-조합형) (6)브랜드 가이드(명함/봉투/멤버십카드 등) (7)웹사이트 디자인/제작 (8)원내 촬영/편집 (9)최종 납품. 인테리어 일정에 맞춰 네이밍과 컬러시스템을 먼저 진행하는 경우도 있습니다. 전체 기간은 약 4개월(계약~최종납품)이 일반적입니다.
qa-889	IT	업체 솔루션	공통	병원 홈페이지 구축 시 플랫폼 선택과 도메인 설정은 어떻게 하나요?	국내 병원 홈페이지는 아임웹(imweb), 카페24, 식스샵 등 웹빌더를 많이 사용합니다. 셀리에의원 사례에서는 아임웹 글로벌 요금제를 2년 계약(약 924,000원)으로 선택했습니다. 도메인은 원하는이름.com이 가장 좋으나 이미 사용 중일 수 있어 이름+clinic.com 등으로 대안을 찾습니다. 도메인은 2~3년 단위로 구매하며(연 약 2만원), 자동갱신 설정이 가능합니다. 가입 시 사업자등록증 정보와 공식 이메일이 필요하고, 서버비와 도메인비는 별도입니다.
qa-890	브랜딩	업체 솔루션	공통	병원 네이밍 시 영문표기와 슬로건은 어떻게 결정하나요?	병원 네이밍 시 고려사항: (1)한글 발음과 영문 스펠링의 일치성(예: 셀리에=Cellier, L 개수도 검토) (2)사업자등록 전 최종 확정이 이상적이나 이미 등록한 이름으로 갈 수도 있음 (3)브랜딩 업체에서 여러 컨셉의 네이밍을 제안하고 원장이 최종 선택. 슬로건은 (1)국문/영문 모두 필요(간판/블라인드 등에 활용) (2)영문 슬로건은 문법/뉘앙스 검증이 중요(원어민 검수 권장) (3)고객 중심 메시지가 브랜드 중심보다 효과적.
qa-891	브랜딩	업체 솔루션	공통	병원 인쇄물(명함/봉투/쇼핑백) 제작 시 주의할 점은?	(1)명함: 최소 제작 부수 보통 200매, 디자인은 브랜드 가이드에 맞춰 앞뒤 모두 디자인. QR코드 삽입 시 배경이 비워진 PNG 파일 필요. CMYK 값 포함 필수. (2)봉투: 대봉투/소봉투 별도 디자인, 최소 제작 수량은 업체마다 다름(소량은 단가 상승). (3)쇼핑백: 판형이 이미 있는 사이즈로 하면 단가 절감 가능. 소량(100~300개) 제작 시 쇼핑백 공장을 직접 컨택하면 비용 절약. 끈 종류(두꺼운 리본끈 vs 동그란끈)도 브랜드 이미지에 영향. (4)추가 주문을 위해 업체 연락처와 디자인 원본(AI파일) 보관 필수.
qa-892	브랜딩	사업적 요구	피부과	피부과 시술 카테고리와 메뉴 네이밍은 어떻게 구성하나요?	피부과 시술 메뉴는 보통 4~5개 대 카테고리로 나눕니다: (1)시그니처(대표 시술) (2)리프팅 (3)안티에이징/피부관리 (4)바디. 시그니처에는 울쎄라피 프라임/써마지 FLX 등 고가 장비 시술을 배치합니다. 카테고리 네이밍은 브랜드 아이덴티티를 반영하여 만듭니다(예: 셀리에-셀리프, 셀톤, 셀루엣). 하위 시술명도 브랜드 컬러나 컨셉에 맞게 네이밍합니다(예: 멜랑쥬 부스터, 스칼렛 수액). 주의: (1)의학적 정확성 유지(리프팅 레이저-EBD lifting이 정확) (2)하위 시술은 홈페이지 노출 여부를 전략적으로 결정.
qa-893	브랜딩	사업적 요구	공통	병원 네이밍 시 상표권과 검색어 경쟁은 어떻게 확인하나요?	(1)상표권: KIPRIS(한국특허정보원) 사이트에서 사전 검색하고, 같은 진료과목이 아니면 동일 이름 사용이 가능할 수 있으나 변리사 확인 필요. (2)검색어 경쟁: 네이버/구글에서 후보 이름+피부과를 검색하여 동일 또는 유사 이름의 기존 병원 유무 확인. 특히 같은 지역(강남/청담) 내 유사 이름은 마케팅적으로 불리. (3)한글 이름은 한의원과 중복되기 쉬우므로 영어 이름을 선호하는 원장이 많음. (4)이름이 마음에 들어도 반드시 상표권+검색어+지역 경쟁을 동시 검토해야 함.
qa-894	브랜딩	사업적 요구	공통	병원 네이밍 확정이 늦어질 때 브랜딩 일정에 미치는 영향은?	네이밍 확정이 지연되면 후속 작업(컬러시스템 완성, 컨셉플래닝, 로고, 간판, 인테리어 사인물) 전체가 밀립니다. 실제 사례에서 네이밍 데드라인을 약 2주 초과한 경우가 있었습니다. 대처법: (1)브랜딩 업체에서 네이밍 리스트를 테마별(한글/영어/메디컬)로 분류하여 제안 (2)원장이 우선순위를 매겨 좁히기 (3)대면 미팅에서 최종 결정 (4)컬러시스템은 네이밍 확정 후 미세조정하므로 병행 가능. 네이밍 확정이 빠를수록 전체 일정 여유가 생깁니다.
qa-895	브랜딩	업체 솔루션	공통	병원 브랜딩 인터뷰 질문지의 역할과 활용법은?	브랜딩 인터뷰 질문지는 원장의 성향, 진료 철학, 비전, 타겟 고객, 경쟁사 분석 등을 파악하기 위한 핵심 도구입니다. (1)질문 항목이 많지만 모든 문항을 채우지 않아도 되며, 생각나는 대로 솔직하게 작성하는 것이 중요 (2)글로 직접 작성하면 생각 정리에 큰 도움이 됨 (3)브랜딩 팀만 열람하며 외부 노출 없음(원장 요청 시 폐기 가능) (4)작성된 질문지를 기반으로 키워드와 포인트를 1차 정리 후 대면 미팅에서 딥브레인스토밍을 진행함. 질문지에 떠오르는 마케팅 아이디어나 참고 브랜드도 함께 적으면 더 효과적입니다.
qa-896	브랜딩	업체 솔루션	피부과	피부과 시술 네이밍을 브랜드와 연결하는 전략은?	시술 카테고리에 병원 이름을 접목하여 시리즈를 만드는 전략이 효과적입니다. 예시: 룬피부과의 경우 (1)리프팅=오룬(오르다+룬) (2)볼륨/부스터=이룬(이루다+룬) (3)피부=다룬(다루다+룬) (4)시그니처=아우룬(아우르다+룬). 주의사항: (1)한글 시리즈와 영어 시리즈를 섞으면 톤이 깨질 수 있어 하나로 통일 권장 (2)시술 네이밍은 카테고리별 톤을 맞춰 동시에 제작해야 결이 일관됨 (3)너무 늦게 추가하면 기존 네이밍과 결이 안 맞을 수 있음 (4)시술명 결정 시 의학적 정확성과 브랜드 감성의 균형이 중요.
qa-897	마케팅	사업적 요구	공통	병원 홈페이지에 가격을 공개하는 것이 효과적인가요?	가격 공개는 전략적으로 접근하면 매우 효과적입니다. 실제 사례에서 원장이 가격 노출을 채택한 이유: (1)투명하고 합리적인 이미지를 고객에게 전달 (2)외국인 환자의 불안감 해소(타지 병원 방문 시 가격을 미리 알 수 있음) (3)청담 지역에서 가격 공개가 일반적이지 않아 차별화 가능 (4)홈페이지 활성화 및 접속률 유도. 단, 주의사항: (1)개별 시술 가격(보톡스 900원)이 아닌 패키지 상품 위주로 노출 (2)핵심 품목(울쎄라/써마지)만 공개하여 가격대 인식을 형성 (3)너무 shop 같은 느낌은 지양하고 브랜드 분위기를 유지.